INSERT INTO user_profiles (profile_name, is_suspended) VALUES ('User Admin', FALSE);
INSERT INTO user_profiles (profile_name, is_suspended) VALUES ('Homeowner', FALSE);
INSERT INTO user_profiles (profile_name, is_suspended) VALUES ('Cleaner', FALSE);
INSERT INTO user_profiles (profile_name, is_suspended) VALUES ('Platform Management', FALSE);
INSERT INTO service_categories (category_name, is_suspended) VALUES ('Home Cleaning', FALSE);
INSERT INTO service_categories (category_name, is_suspended) VALUES ('Deep Cleaning', FALSE);
INSERT INTO service_categories (category_name, is_suspended) VALUES ('Carpet Cleaning', FALSE);
INSERT INTO service_categories (category_name, is_suspended) VALUES ('Window Cleaning', FALSE);
INSERT INTO service_categories (category_name, is_suspended) VALUES ('Office Cleaning', FALSE);
INSERT INTO service_categories (category_name, is_suspended) VALUES ('Move-in/Move-out Cleaning', FALSE);
INSERT INTO service_categories (category_name, is_suspended) VALUES ('Post-Construction Cleaning', FALSE);
INSERT INTO service_categories (category_name, is_suspended) VALUES ('Laundry Services', TRUE);
INSERT INTO service_categories (category_name, is_suspended) VALUES ('Pressure Washing', FALSE);
INSERT INTO user_accounts (ua_username, ua_password, full_name, email, profile_name, profile_id, is_suspended) VALUES ('admin', '1234', 'Admin User', 'admin@example.com', 'User Admin', 1, FALSE);
INSERT INTO user_accounts (ua_username, ua_password, full_name, email, profile_name, profile_id, is_suspended) VALUES ('homeowner', '1234', 'Homeowner User', 'homeowner@example.com', 'Homeowner', 2, FALSE);
INSERT INTO user_accounts (ua_username, ua_password, full_name, email, profile_name, profile_id, is_suspended) VALUES ('cleaner', '1234', 'Cleaner User', 'cleaner@example.com', 'Cleaner', 3, FALSE);
INSERT INTO user_accounts (ua_username, ua_password, full_name, email, profile_name, profile_id, is_suspended) VALUES ('platformmgmt', '1234', 'Platform Mgmt User', 'platformmgmt@example.com', 'Platform Management', 4, FALSE);
INSERT INTO user_accounts (ua_username, ua_password, full_name, email, profile_name, profile_id, is_suspended) VALUES ('yvonneprice', 'sw*5i8Wl)i', 'Samantha Schaefer', 'johnsonjason@example.com', 'User Admin', 1, FALSE);
INSERT INTO user_accounts (ua_username, ua_password, full_name, email, profile_name, profile_id, is_suspended) VALUES ('arnoldjason', 'L3d*NYjP*j', 'Kristina Miranda', 'deniseparker@example.com', 'User Admin', 1, TRUE);
INSERT INTO user_accounts (ua_username, ua_password, full_name, email, profile_name, profile_id, is_suspended) VALUES ('davisbetty', 'd(5uHb)8n^', 'Crystal Mccullough', 'gstrong@example.net', 'Homeowner', 2, FALSE);
INSERT INTO user_accounts (ua_username, ua_password, full_name, email, profile_name, profile_id, is_suspended) VALUES ('qguerrero', 'i9wgaaTD+q', 'James Martin', 'ralph75@example.net', 'Homeowner', 2, FALSE);
INSERT INTO user_accounts (ua_username, ua_password, full_name, email, profile_name, profile_id, is_suspended) VALUES ('wigginscourtney', 't0&4+8BL!W', 'Mark Mendoza', 'michaelsmith@example.net', 'Homeowner', 2, FALSE);
INSERT INTO user_accounts (ua_username, ua_password, full_name, email, profile_name, profile_id, is_suspended) VALUES ('bobbylynch', '^FhK9!YhYs', 'Joseph Bryant', 'ikirk@example.org', 'Homeowner', 2, TRUE);
INSERT INTO user_accounts (ua_username, ua_password, full_name, email, profile_name, profile_id, is_suspended) VALUES ('tina24', '$YZdQ8YwbO', 'Bradley Nixon', 'johnsoneric@example.com', 'User Admin', 1, FALSE);
INSERT INTO user_accounts (ua_username, ua_password, full_name, email, profile_name, profile_id, is_suspended) VALUES ('matthew87', 'BiAbG5!p$7', 'Peter Copeland', 'kelleycharlotte@example.org', 'Platform Management', 4, FALSE);
INSERT INTO user_accounts (ua_username, ua_password, full_name, email, profile_name, profile_id, is_suspended) VALUES ('dmartinez', '3UT1D%zm!@', 'Sean Myers', 'lsmith@example.com', 'Cleaner', 3, FALSE);
INSERT INTO user_accounts (ua_username, ua_password, full_name, email, profile_name, profile_id, is_suspended) VALUES ('pstephenson', 'd54Cq4p5$9', 'Kyle Cross', 'mchase@example.org', 'User Admin', 1, FALSE);
INSERT INTO user_accounts (ua_username, ua_password, full_name, email, profile_name, profile_id, is_suspended) VALUES ('ucampbell', 'n_I@$hA((3', 'Sophia Dodson', 'manuel75@example.net', 'Cleaner', 3, FALSE);
INSERT INTO user_accounts (ua_username, ua_password, full_name, email, profile_name, profile_id, is_suspended) VALUES ('brian53', '%OgHU3Sh5X', 'Collin Washington', 'blankenshipdavid@example.org', 'Cleaner', 3, FALSE);
INSERT INTO user_accounts (ua_username, ua_password, full_name, email, profile_name, profile_id, is_suspended) VALUES ('morgansamuel', '0t0HhSEi!)', 'Daniel Spears', 'dakotaadams@example.org', 'Platform Management', 4, FALSE);
INSERT INTO user_accounts (ua_username, ua_password, full_name, email, profile_name, profile_id, is_suspended) VALUES ('rlloyd', '(TVLlW$Sg4', 'Caitlin Wright', 'freyjoseph@example.net', 'User Admin', 1, FALSE);
INSERT INTO user_accounts (ua_username, ua_password, full_name, email, profile_name, profile_id, is_suspended) VALUES ('vsmith', '(6fR0tjuuC', 'Jordan Moss', 'cathy83@example.net', 'Cleaner', 3, FALSE);
INSERT INTO user_accounts (ua_username, ua_password, full_name, email, profile_name, profile_id, is_suspended) VALUES ('bianca36', ')0BLivXrZM', 'Erica Richards', 'joseph42@example.net', 'User Admin', 1, FALSE);
INSERT INTO user_accounts (ua_username, ua_password, full_name, email, profile_name, profile_id, is_suspended) VALUES ('brianlawson', 'sav34qZY)1', 'Adam Lawrence', 'russelljoseph@example.net', 'Homeowner', 2, FALSE);
INSERT INTO user_accounts (ua_username, ua_password, full_name, email, profile_name, profile_id, is_suspended) VALUES ('alexis64', '+@4r0Aoc#q', 'Jeffrey Ferrell', 'jmyers@example.com', 'Cleaner', 3, FALSE);
INSERT INTO user_accounts (ua_username, ua_password, full_name, email, profile_name, profile_id, is_suspended) VALUES ('wrightmichael', 'L39HR)znt!', 'Steven Sanchez', 'cherylatkinson@example.net', 'User Admin', 1, FALSE);
INSERT INTO user_accounts (ua_username, ua_password, full_name, email, profile_name, profile_id, is_suspended) VALUES ('jessicagreen', '!ND4Q*y1jD', 'Jessica Jones', 'michellereynolds@example.com', 'User Admin', 1, FALSE);
INSERT INTO user_accounts (ua_username, ua_password, full_name, email, profile_name, profile_id, is_suspended) VALUES ('kcastillo', '_h!IwL_$13', 'Ashley Edwards', 'yodermatthew@example.com', 'Cleaner', 3, FALSE);
INSERT INTO user_accounts (ua_username, ua_password, full_name, email, profile_name, profile_id, is_suspended) VALUES ('larry72', '6jk4QFp)_)', 'Amber Vance', 'nolanchristopher@example.net', 'Homeowner', 2, FALSE);
INSERT INTO user_accounts (ua_username, ua_password, full_name, email, profile_name, profile_id, is_suspended) VALUES ('john96', 'SV@2rGxFv4', 'Yvonne May', 'james15@example.com', 'Homeowner', 2, FALSE);
INSERT INTO user_accounts (ua_username, ua_password, full_name, email, profile_name, profile_id, is_suspended) VALUES ('rdavis', '+z4aBQK*6!', 'Aaron King', 'maryzamora@example.net', 'Platform Management', 4, FALSE);
INSERT INTO user_accounts (ua_username, ua_password, full_name, email, profile_name, profile_id, is_suspended) VALUES ('ramseysarah', '80%1WL)w^q', 'Luis Carter', 'heather24@example.net', 'User Admin', 1, FALSE);
INSERT INTO user_accounts (ua_username, ua_password, full_name, email, profile_name, profile_id, is_suspended) VALUES ('zwalker', 'bT3aPaq+)+', 'Michael Moore', 'michelle95@example.net', 'Homeowner', 2, FALSE);
INSERT INTO user_accounts (ua_username, ua_password, full_name, email, profile_name, profile_id, is_suspended) VALUES ('wroberts', 'q)E@9AKa$O', 'Eric Estrada', 'idiaz@example.net', 'Homeowner', 2, FALSE);
INSERT INTO user_accounts (ua_username, ua_password, full_name, email, profile_name, profile_id, is_suspended) VALUES ('michael62', 'XSNT&Gxm#0', 'Eddie Calhoun', 'clinekristin@example.net', 'User Admin', 1, FALSE);
INSERT INTO user_accounts (ua_username, ua_password, full_name, email, profile_name, profile_id, is_suspended) VALUES ('ryan29', 'B8U8*isM)K', 'Sheila Johnson', 'peter77@example.org', 'User Admin', 1, FALSE);
INSERT INTO user_accounts (ua_username, ua_password, full_name, email, profile_name, profile_id, is_suspended) VALUES ('edgar77', '#HKyE*Jwd3', 'Paul Wilson', 'melindaruiz@example.org', 'Homeowner', 2, TRUE);
INSERT INTO user_accounts (ua_username, ua_password, full_name, email, profile_name, profile_id, is_suspended) VALUES ('elizabethbrooks', '6)1E%Lc*er', 'Jeffery Mckinney', 'jonathon00@example.org', 'Cleaner', 3, FALSE);
INSERT INTO user_accounts (ua_username, ua_password, full_name, email, profile_name, profile_id, is_suspended) VALUES ('lutzpaul', 'Vyjm1tZd$_', 'Susan Williams', 'pearsonrichard@example.org', 'Homeowner', 2, FALSE);
INSERT INTO user_accounts (ua_username, ua_password, full_name, email, profile_name, profile_id, is_suspended) VALUES ('owright', '!3LajfiYXa', 'Debra Fuller', 'cassandra73@example.org', 'Homeowner', 2, FALSE);
INSERT INTO user_accounts (ua_username, ua_password, full_name, email, profile_name, profile_id, is_suspended) VALUES ('mckinneycraig', 'd+BX5HYdgs', 'Christine Hill', 'hilltyler@example.org', 'Cleaner', 3, FALSE);
INSERT INTO user_accounts (ua_username, ua_password, full_name, email, profile_name, profile_id, is_suspended) VALUES ('markcruz', '*7G3SkrSY^', 'David Maldonado MD', 'meyerchristopher@example.net', 'Homeowner', 2, FALSE);
INSERT INTO user_accounts (ua_username, ua_password, full_name, email, profile_name, profile_id, is_suspended) VALUES ('jolsen', '^YK2AasTpS', 'Steven Johnson', 'janet97@example.net', 'Platform Management', 4, FALSE);
INSERT INTO user_accounts (ua_username, ua_password, full_name, email, profile_name, profile_id, is_suspended) VALUES ('andrew72', '$@b0Y%pzXf', 'Makayla Thompson', 'srussell@example.net', 'Platform Management', 4, FALSE);
INSERT INTO user_accounts (ua_username, ua_password, full_name, email, profile_name, profile_id, is_suspended) VALUES ('sarahacevedo', 'T3*83qKhrJ', 'Ryan Norris', 'tina35@example.org', 'Homeowner', 2, FALSE);
INSERT INTO user_accounts (ua_username, ua_password, full_name, email, profile_name, profile_id, is_suspended) VALUES ('salazarlaura', ')IVKTIZd4Y', 'Lori Mitchell', 'rangeljames@example.com', 'Platform Management', 4, FALSE);
INSERT INTO user_accounts (ua_username, ua_password, full_name, email, profile_name, profile_id, is_suspended) VALUES ('thomassteve', '*i5Hrsh7Wr', 'Michael Lloyd', 'phillip35@example.org', 'Homeowner', 2, FALSE);
INSERT INTO user_accounts (ua_username, ua_password, full_name, email, profile_name, profile_id, is_suspended) VALUES ('cross', '39phKAyw+E', 'Angela Mendoza', 'qwebb@example.com', 'Platform Management', 4, FALSE);
INSERT INTO user_accounts (ua_username, ua_password, full_name, email, profile_name, profile_id, is_suspended) VALUES ('crodriguez', 'xHT^ij2L&5', 'Kristen Miles', 'ingrampatricia@example.net', 'Cleaner', 3, FALSE);
INSERT INTO user_accounts (ua_username, ua_password, full_name, email, profile_name, profile_id, is_suspended) VALUES ('williamharper', '&$p12&Zgn&', 'Kristen Mills', 'wrightmegan@example.net', 'Homeowner', 2, FALSE);
INSERT INTO user_accounts (ua_username, ua_password, full_name, email, profile_name, profile_id, is_suspended) VALUES ('sheila24', '(#sAd%vW2P', 'Jillian Smith', 'johnsondale@example.com', 'Cleaner', 3, FALSE);
INSERT INTO user_accounts (ua_username, ua_password, full_name, email, profile_name, profile_id, is_suspended) VALUES ('michaela46', 'nxn%NL_C%2', 'Stephanie Murray', 'victoria77@example.net', 'Cleaner', 3, FALSE);
INSERT INTO user_accounts (ua_username, ua_password, full_name, email, profile_name, profile_id, is_suspended) VALUES ('adamsmatthew', '*OCtcpBT(8', 'Mason Sanchez', 'geraldwatkins@example.org', 'Cleaner', 3, FALSE);
INSERT INTO user_accounts (ua_username, ua_password, full_name, email, profile_name, profile_id, is_suspended) VALUES ('hernandezmaria', 'uFE69l(zx#', 'John Allen', 'jennifer80@example.net', 'User Admin', 1, FALSE);
INSERT INTO user_accounts (ua_username, ua_password, full_name, email, profile_name, profile_id, is_suspended) VALUES ('john57', 'z#kz2PComT', 'Erika Wolfe', 'kimberly65@example.net', 'Platform Management', 4, FALSE);
INSERT INTO user_accounts (ua_username, ua_password, full_name, email, profile_name, profile_id, is_suspended) VALUES ('bautistatonya', 'a!l0jE1z#C', 'Emily Rodriguez', 'randy05@example.com', 'Homeowner', 2, FALSE);
INSERT INTO user_accounts (ua_username, ua_password, full_name, email, profile_name, profile_id, is_suspended) VALUES ('xharrell', '$8TwuL41j_', 'Kimberly Phillips', 'arnoldethan@example.net', 'Cleaner', 3, FALSE);
INSERT INTO user_accounts (ua_username, ua_password, full_name, email, profile_name, profile_id, is_suspended) VALUES ('brian91', '%T45QHx491', 'Christopher Page', 'john92@example.org', 'User Admin', 1, FALSE);
INSERT INTO user_accounts (ua_username, ua_password, full_name, email, profile_name, profile_id, is_suspended) VALUES ('bobby16', 'Q4MFv&ia*I', 'Stacy Walker', 'asandoval@example.org', 'Cleaner', 3, FALSE);
INSERT INTO user_accounts (ua_username, ua_password, full_name, email, profile_name, profile_id, is_suspended) VALUES ('freemanmarissa', '&LUSybw172', 'Kerry Lindsey', 'lauren04@example.com', 'Platform Management', 4, FALSE);
INSERT INTO user_accounts (ua_username, ua_password, full_name, email, profile_name, profile_id, is_suspended) VALUES ('lbird', 'O9MNyR+i+M', 'Kathryn White', 'pallison@example.org', 'Cleaner', 3, FALSE);
INSERT INTO user_accounts (ua_username, ua_password, full_name, email, profile_name, profile_id, is_suspended) VALUES ('jerrywheeler', 'Q2(6fF!j#P', 'Mrs. Michelle Armstrong', 'theresastout@example.net', 'Cleaner', 3, FALSE);
INSERT INTO user_accounts (ua_username, ua_password, full_name, email, profile_name, profile_id, is_suspended) VALUES ('njuarez', 'IP*9YMKoRf', 'Johnathan Everett', 'james64@example.com', 'Cleaner', 3, FALSE);
INSERT INTO user_accounts (ua_username, ua_password, full_name, email, profile_name, profile_id, is_suspended) VALUES ('huntjeremy', 'hT3hmQrr!o', 'Megan Robbins', 'laurabarrett@example.net', 'User Admin', 1, FALSE);
INSERT INTO user_accounts (ua_username, ua_password, full_name, email, profile_name, profile_id, is_suspended) VALUES ('jonesamber', '(cv0uJcsA5', 'Stephanie Ashley', 'eduardo25@example.org', 'Platform Management', 4, FALSE);
INSERT INTO user_accounts (ua_username, ua_password, full_name, email, profile_name, profile_id, is_suspended) VALUES ('poolekimberly', 'O*%58qDawI', 'Jeffrey Miller', 'brownjessica@example.org', 'Cleaner', 3, FALSE);
INSERT INTO user_accounts (ua_username, ua_password, full_name, email, profile_name, profile_id, is_suspended) VALUES ('alejandroshea', '(1SFqF%CVj', 'Elizabeth Bright', 'kellynicholas@example.com', 'Homeowner', 2, FALSE);
INSERT INTO user_accounts (ua_username, ua_password, full_name, email, profile_name, profile_id, is_suspended) VALUES ('rodriguezmary', 'rU0F8mTu$r', 'Allison Gilmore', 'devin53@example.net', 'Homeowner', 2, FALSE);
INSERT INTO user_accounts (ua_username, ua_password, full_name, email, profile_name, profile_id, is_suspended) VALUES ('kimberly14', '$2uQbyYhp0', 'Joseph Moore', 'rodrigueznicolas@example.net', 'Platform Management', 4, FALSE);
INSERT INTO user_accounts (ua_username, ua_password, full_name, email, profile_name, profile_id, is_suspended) VALUES ('mariahmartin', ')75UTzYgHm', 'Veronica Aguilar', 'ian77@example.com', 'Cleaner', 3, FALSE);
INSERT INTO user_accounts (ua_username, ua_password, full_name, email, profile_name, profile_id, is_suspended) VALUES ('tpitts', 'N&A)3Rrd4Y', 'Mr. Mark Fitzgerald', 'deborah08@example.net', 'User Admin', 1, FALSE);
INSERT INTO user_accounts (ua_username, ua_password, full_name, email, profile_name, profile_id, is_suspended) VALUES ('johnny75', '_7ObV0&@(t', 'Jacob Smith', 'oweeks@example.org', 'Cleaner', 3, FALSE);
INSERT INTO user_accounts (ua_username, ua_password, full_name, email, profile_name, profile_id, is_suspended) VALUES ('npage', '()QRbllhI3', 'Heather Mack', 'wendymcgee@example.net', 'Platform Management', 4, FALSE);
INSERT INTO user_accounts (ua_username, ua_password, full_name, email, profile_name, profile_id, is_suspended) VALUES ('cbecker', '*ROV&Dsug7', 'Mercedes Davis', 'ugonzales@example.net', 'Cleaner', 3, FALSE);
INSERT INTO user_accounts (ua_username, ua_password, full_name, email, profile_name, profile_id, is_suspended) VALUES ('iali', '#^0MJ4sn^U', 'Katherine Peterson', 'courtneymorales@example.net', 'User Admin', 1, FALSE);
INSERT INTO user_accounts (ua_username, ua_password, full_name, email, profile_name, profile_id, is_suspended) VALUES ('cmadden', '3CdXn_Ew%5', 'Hannah Hudson', 'joneshannah@example.com', 'Cleaner', 3, FALSE);
INSERT INTO user_accounts (ua_username, ua_password, full_name, email, profile_name, profile_id, is_suspended) VALUES ('scottkatie', '*m0upKd)$t', 'Tyler Garcia DDS', 'debradavis@example.net', 'Homeowner', 2, FALSE);
INSERT INTO user_accounts (ua_username, ua_password, full_name, email, profile_name, profile_id, is_suspended) VALUES ('zwalters', '*oMV6Zlw_1', 'Dawn Walter', 'cameronrivera@example.com', 'Cleaner', 3, FALSE);
INSERT INTO user_accounts (ua_username, ua_password, full_name, email, profile_name, profile_id, is_suspended) VALUES ('jaclynkent', 'lx*1ViBq$Q', 'Diane Lyons', 'bartondavid@example.org', 'User Admin', 1, TRUE);
INSERT INTO user_accounts (ua_username, ua_password, full_name, email, profile_name, profile_id, is_suspended) VALUES ('cynthia97', 'zt3XcHHI(v', 'Anthony Sanchez', 'gregorymitchell@example.net', 'Cleaner', 3, FALSE);
INSERT INTO user_accounts (ua_username, ua_password, full_name, email, profile_name, profile_id, is_suspended) VALUES ('sean57', 'Wo1kS1rb3#', 'Brandon Brewer', 'qsmith@example.org', 'User Admin', 1, FALSE);
INSERT INTO user_accounts (ua_username, ua_password, full_name, email, profile_name, profile_id, is_suspended) VALUES ('kayla98', ')6Q1mAbUO1', 'Russell Mercado', 'reyesandrew@example.com', 'Platform Management', 4, TRUE);
INSERT INTO user_accounts (ua_username, ua_password, full_name, email, profile_name, profile_id, is_suspended) VALUES ('grahamkrystal', 'C)J6aJpg(@', 'Micheal Andrade', 'tscott@example.org', 'Homeowner', 2, FALSE);
INSERT INTO user_accounts (ua_username, ua_password, full_name, email, profile_name, profile_id, is_suspended) VALUES ('sandra55', 'J6Zs3pOt)&', 'Edgar Stephens', 'randallamber@example.com', 'Homeowner', 2, TRUE);
INSERT INTO user_accounts (ua_username, ua_password, full_name, email, profile_name, profile_id, is_suspended) VALUES ('anthony03', 'v5Frr&sU^U', 'James Moore', 'nelsonnoah@example.org', 'User Admin', 1, FALSE);
INSERT INTO user_accounts (ua_username, ua_password, full_name, email, profile_name, profile_id, is_suspended) VALUES ('velazquezabigail', 'n!81c5RlOE', 'Alexandra Franklin', 'ffoley@example.net', 'Cleaner', 3, FALSE);
INSERT INTO user_accounts (ua_username, ua_password, full_name, email, profile_name, profile_id, is_suspended) VALUES ('caitlynthompson', 'x_9SxaBHb)', 'Ms. Angel Mcgee', 'rodriguezjames@example.net', 'Platform Management', 4, FALSE);
INSERT INTO user_accounts (ua_username, ua_password, full_name, email, profile_name, profile_id, is_suspended) VALUES ('christophercrosby', 'BOc1MYKn(h', 'Todd Jones', 'robertcooper@example.net', 'Cleaner', 3, FALSE);
INSERT INTO user_accounts (ua_username, ua_password, full_name, email, profile_name, profile_id, is_suspended) VALUES ('dalton13', 'QD%2WVEmk@', 'Erin Williams', 'hgarcia@example.net', 'Platform Management', 4, FALSE);
INSERT INTO user_accounts (ua_username, ua_password, full_name, email, profile_name, profile_id, is_suspended) VALUES ('xray', 'Bs!g8KQgA(', 'Vincent Wagner', 'krodriguez@example.com', 'Platform Management', 4, FALSE);
INSERT INTO user_accounts (ua_username, ua_password, full_name, email, profile_name, profile_id, is_suspended) VALUES ('wnunez', 'w*4DxXokPC', 'Marcus Murphy', 'ihartman@example.org', 'Platform Management', 4, FALSE);
INSERT INTO user_accounts (ua_username, ua_password, full_name, email, profile_name, profile_id, is_suspended) VALUES ('qsoto', '_n8wQPUreY', 'Tonya Fowler', 'zfox@example.com', 'User Admin', 1, TRUE);
INSERT INTO user_accounts (ua_username, ua_password, full_name, email, profile_name, profile_id, is_suspended) VALUES ('mcdonaldmichael', '$0I^O1l2h)', 'Javier Rodriguez', 'gcrawford@example.org', 'User Admin', 1, FALSE);
INSERT INTO user_accounts (ua_username, ua_password, full_name, email, profile_name, profile_id, is_suspended) VALUES ('taylormatthew', 'I%LH@3MzNc', 'Sharon Keith', 'mallorylopez@example.org', 'Platform Management', 4, FALSE);
INSERT INTO user_accounts (ua_username, ua_password, full_name, email, profile_name, profile_id, is_suspended) VALUES ('raygilbert', '_8WB(A8pca', 'Mary Gonzalez', 'riley71@example.com', 'Platform Management', 4, FALSE);
INSERT INTO user_accounts (ua_username, ua_password, full_name, email, profile_name, profile_id, is_suspended) VALUES ('lopezandrew', 'Bj7nW8BOH*', 'Jennifer Thompson', 'guerrerorodney@example.org', 'Cleaner', 3, FALSE);
INSERT INTO user_accounts (ua_username, ua_password, full_name, email, profile_name, profile_id, is_suspended) VALUES ('vmurphy', 'Xd+uw4Frgk', 'Kelly Lawrence', 'hernandezamanda@example.com', 'Cleaner', 3, FALSE);
INSERT INTO user_accounts (ua_username, ua_password, full_name, email, profile_name, profile_id, is_suspended) VALUES ('jessica07', '*gUsQniz1z', 'Erica Cross', 'burchbradley@example.net', 'User Admin', 1, FALSE);
INSERT INTO user_accounts (ua_username, ua_password, full_name, email, profile_name, profile_id, is_suspended) VALUES ('mark29', '$4XK7Rxd^x', 'Billy Horn', 'fmiller@example.net', 'Cleaner', 3, FALSE);
INSERT INTO user_accounts (ua_username, ua_password, full_name, email, profile_name, profile_id, is_suspended) VALUES ('uallen', '#VdWKe_p#6', 'Samantha Smith', 'veronica54@example.com', 'Cleaner', 3, FALSE);
INSERT INTO user_accounts (ua_username, ua_password, full_name, email, profile_name, profile_id, is_suspended) VALUES ('charlesmeyer', 'ySGWDf51!8', 'Ryan Ramirez', 'tammyhebert@example.com', 'Cleaner', 3, FALSE);
INSERT INTO user_accounts (ua_username, ua_password, full_name, email, profile_name, profile_id, is_suspended) VALUES ('qlong', 'KE^^7UgEw5', 'Jennifer Miller', 'iclark@example.com', 'Platform Management', 4, TRUE);
INSERT INTO user_accounts (ua_username, ua_password, full_name, email, profile_name, profile_id, is_suspended) VALUES ('fisherkayla', '(Sb6Q+PqOQ', 'Jamie Robinson', 'tracy57@example.org', 'User Admin', 1, FALSE);
INSERT INTO user_accounts (ua_username, ua_password, full_name, email, profile_name, profile_id, is_suspended) VALUES ('jameskim', '9DBOmYoA#r', 'Amy Walker', 'amanda49@example.com', 'Cleaner', 3, FALSE);
INSERT INTO user_accounts (ua_username, ua_password, full_name, email, profile_name, profile_id, is_suspended) VALUES ('asantana', '*5RIajvuqE', 'Angela Bass', 'rojasjames@example.org', 'Platform Management', 4, TRUE);
INSERT INTO user_accounts (ua_username, ua_password, full_name, email, profile_name, profile_id, is_suspended) VALUES ('schmidttimothy', 'DI5X*gIA4*', 'Donna Stewart', 'anthony87@example.net', 'Platform Management', 4, FALSE);
INSERT INTO user_accounts (ua_username, ua_password, full_name, email, profile_name, profile_id, is_suspended) VALUES ('mcintyrechase', 'v$O0dTcrrS', 'Pamela Hill', 'rblake@example.net', 'Homeowner', 2, FALSE);
INSERT INTO cleaner_services (cleaner_account_id, category_id, title, description, price, availability, is_suspended, created_at, updated_at) VALUES (3, 1, 'Post-Construction Cleanup', 'Stain removal and deep carpet cleaning.', 138.11, 'Weekends 9am-5pm', TRUE, '2025-04-22 00:57:55', '2025-04-22 00:57:55');
INSERT INTO cleaner_services (cleaner_account_id, category_id, title, description, price, availability, is_suspended, created_at, updated_at) VALUES (13, 4, 'Office Shine', 'Professional carpet shampooing and stain removal for up to 3 rooms.', 183.31, 'Mon-Fri 6pm-10pm', FALSE, '2025-04-18 23:31:43', '2025-04-18 23:31:43');
INSERT INTO cleaner_services (cleaner_account_id, category_id, title, description, price, availability, is_suspended, created_at, updated_at) VALUES (13, 4, 'Deep Clean Deluxe', 'Professional window cleaning for homes.', 62.19, 'Sat-Sun 8am-12pm', FALSE, '2025-04-16 11:13:29', '2025-04-16 11:13:29');
INSERT INTO cleaner_services (cleaner_account_id, category_id, title, description, price, availability, is_suspended, created_at, updated_at) VALUES (15, 5, 'Post-Reno Cleanup', 'Stain removal and deep carpet cleaning.', 84.56, 'Sat-Sun 8am-12pm', FALSE, '2025-04-12 06:22:28', '2025-04-12 06:22:28');
INSERT INTO cleaner_services (cleaner_account_id, category_id, title, description, price, availability, is_suspended, created_at, updated_at) VALUES (15, 3, 'Move-Out Special', 'High-pressure cleaning for driveways, patios, and exterior walls.', 45.49, 'Mon-Fri 6pm-10pm', FALSE, '2025-04-11 13:11:06', '2025-04-11 13:11:06');
INSERT INTO cleaner_services (cleaner_account_id, category_id, title, description, price, availability, is_suspended, created_at, updated_at) VALUES (15, 5, 'Move-in/Move-out Package', 'Thorough cleaning of all rooms, dusting, vacuuming, and mopping.', 46.05, 'Tue, Thu 10am-2pm', FALSE, '2025-04-30 17:38:39', '2025-04-30 17:38:39');
INSERT INTO cleaner_services (cleaner_account_id, category_id, title, description, price, availability, is_suspended, created_at, updated_at) VALUES (16, 2, 'Post-Construction Cleanup', 'Complete cleaning for moving in or out, including inside cabinets and appliances.', 46.07, 'Mon-Fri 9am-5pm', FALSE, '2025-04-25 04:22:26', '2025-04-25 04:22:26');
INSERT INTO cleaner_services (cleaner_account_id, category_id, title, description, price, availability, is_suspended, created_at, updated_at) VALUES (19, 3, 'Laundry Pickup & Delivery', 'Comprehensive deep cleaning for large homes.', 93.15, 'Mon-Fri 6pm-10pm', FALSE, '2025-04-29 18:22:12', '2025-04-29 18:22:12');
INSERT INTO cleaner_services (cleaner_account_id, category_id, title, description, price, availability, is_suspended, created_at, updated_at) VALUES (19, 6, 'Crystal Clear Windows', 'Steam cleaning for sofas, chairs, and other furniture.', 139.65, 'Sat 9am-3pm', FALSE, '2025-05-03 22:02:20', '2025-05-03 22:02:20');
INSERT INTO cleaner_services (cleaner_account_id, category_id, title, description, price, availability, is_suspended, created_at, updated_at) VALUES (19, 1, 'Laundry Pickup & Delivery', 'Complete cleaning for moving in or out, including inside cabinets and appliances.', 138.38, 'Weekends 10am-4pm', FALSE, '2025-05-04 05:31:24', '2025-05-04 05:31:24');
INSERT INTO cleaner_services (cleaner_account_id, category_id, title, description, price, availability, is_suspended, created_at, updated_at) VALUES (22, 7, 'Carpet Refresh', 'Professional carpet shampooing and stain removal for up to 3 rooms.', 224.72, 'Mon-Fri 9am-5pm', FALSE, '2025-04-26 17:18:49', '2025-04-26 17:18:49');
INSERT INTO cleaner_services (cleaner_account_id, category_id, title, description, price, availability, is_suspended, created_at, updated_at) VALUES (22, 2, 'Laundry Pickup & Delivery', 'Steam cleaning for sofas, chairs, and other furniture.', 126.73, 'Mon-Fri 8am-12pm', FALSE, '2025-04-19 17:46:36', '2025-04-19 17:46:36');
INSERT INTO cleaner_services (cleaner_account_id, category_id, title, description, price, availability, is_suspended, created_at, updated_at) VALUES (22, 1, 'Office Shine', 'Move-out cleaning with attention to detail.', 75.25, 'By appointment', FALSE, '2025-05-04 00:33:44', '2025-05-04 00:33:44');
INSERT INTO cleaner_services (cleaner_account_id, category_id, title, description, price, availability, is_suspended, created_at, updated_at) VALUES (25, 8, 'Deep Clean Deluxe', 'Removal of dust and debris after renovation or construction work.', 246.94, 'Mon-Fri 8am-12pm', FALSE, '2025-05-03 16:51:18', '2025-05-03 16:51:18');
INSERT INTO cleaner_services (cleaner_account_id, category_id, title, description, price, availability, is_suspended, created_at, updated_at) VALUES (25, 2, 'Post-Construction Cleanup', 'Regular office cleaning including workspaces, restrooms, and common areas.', 117.12, 'By appointment', FALSE, '2025-04-10 01:55:04', '2025-04-10 01:55:04');
INSERT INTO cleaner_services (cleaner_account_id, category_id, title, description, price, availability, is_suspended, created_at, updated_at) VALUES (25, 1, 'Crystal Clear Windows', 'Comprehensive deep cleaning for large homes.', 45.8, 'Flexible', FALSE, '2025-05-02 09:46:38', '2025-05-02 09:46:38');
INSERT INTO cleaner_services (cleaner_account_id, category_id, title, description, price, availability, is_suspended, created_at, updated_at) VALUES (35, 6, 'Post-Construction Cleanup', 'Stain removal and deep carpet cleaning.', 122.65, 'Mon-Fri 8am-12pm', FALSE, '2025-05-05 05:28:27', '2025-05-05 05:28:27');
INSERT INTO cleaner_services (cleaner_account_id, category_id, title, description, price, availability, is_suspended, created_at, updated_at) VALUES (38, 2, 'Quick Home Clean', 'Move-out cleaning with attention to detail.', 92.42, 'Mon-Fri 9am-5pm', FALSE, '2025-04-08 09:14:59', '2025-04-08 09:14:59');
INSERT INTO cleaner_services (cleaner_account_id, category_id, title, description, price, availability, is_suspended, created_at, updated_at) VALUES (38, 5, 'Crystal Clear Windows', 'Steam cleaning for sofas, chairs, and other furniture.', 116.17, 'Mon-Fri 6pm-10pm', FALSE, '2025-04-14 22:58:42', '2025-04-14 22:58:42');
INSERT INTO cleaner_services (cleaner_account_id, category_id, title, description, price, availability, is_suspended, created_at, updated_at) VALUES (38, 2, 'Carpet Rescue', 'Cleaning after construction or renovation.', 226.97, 'Sat-Sun 8am-12pm', FALSE, '2025-04-30 23:33:35', '2025-04-30 23:33:35');
INSERT INTO cleaner_services (cleaner_account_id, category_id, title, description, price, availability, is_suspended, created_at, updated_at) VALUES (46, 5, 'Laundry Pickup & Delivery', 'Cleaning after construction or renovation.', 40.52, 'Mon-Fri 6pm-10pm', TRUE, '2025-04-10 08:40:44', '2025-04-10 08:40:44');
INSERT INTO cleaner_services (cleaner_account_id, category_id, title, description, price, availability, is_suspended, created_at, updated_at) VALUES (48, 1, 'Carpet Refresh', 'Fast and efficient cleaning for apartments.', 165.82, 'Sat 10am-2pm', FALSE, '2025-05-02 12:20:24', '2025-05-02 12:20:24');
INSERT INTO cleaner_services (cleaner_account_id, category_id, title, description, price, availability, is_suspended, created_at, updated_at) VALUES (48, 1, 'Carpet Rescue', 'Thorough cleaning of all rooms, dusting, vacuuming, and mopping.', 138.46, 'Weekends 9am-5pm', FALSE, '2025-05-02 17:14:23', '2025-05-02 17:14:23');
INSERT INTO cleaner_services (cleaner_account_id, category_id, title, description, price, availability, is_suspended, created_at, updated_at) VALUES (48, 7, 'Window Shine', 'Fast and efficient cleaning for apartments.', 214.35, 'Sat 10am-2pm', FALSE, '2025-04-30 09:21:52', '2025-04-30 09:21:52');
INSERT INTO cleaner_services (cleaner_account_id, category_id, title, description, price, availability, is_suspended, created_at, updated_at) VALUES (49, 8, 'Move-in/Move-out Package', 'Comprehensive deep cleaning for large homes.', 162.59, 'By appointment', FALSE, '2025-04-27 10:42:48', '2025-04-27 10:42:48');
INSERT INTO cleaner_services (cleaner_account_id, category_id, title, description, price, availability, is_suspended, created_at, updated_at) VALUES (49, 7, 'Deep Clean Deluxe', 'Move-out cleaning with attention to detail.', 47.7, 'Sat 9am-3pm', FALSE, '2025-04-22 16:29:04', '2025-04-22 16:29:04');
INSERT INTO cleaner_services (cleaner_account_id, category_id, title, description, price, availability, is_suspended, created_at, updated_at) VALUES (50, 5, 'Post-Reno Cleanup', 'Regular office cleaning including workspaces, restrooms, and common areas.', 137.15, 'Sat 9am-3pm', FALSE, '2025-05-02 22:43:30', '2025-05-02 22:43:30');
INSERT INTO cleaner_services (cleaner_account_id, category_id, title, description, price, availability, is_suspended, created_at, updated_at) VALUES (54, 5, 'Move-in/Move-out Package', 'High-pressure cleaning for driveways, patios, and exterior walls.', 101.28, 'Mon-Fri 6pm-10pm', FALSE, '2025-04-16 16:07:04', '2025-04-16 16:07:04');
INSERT INTO cleaner_services (cleaner_account_id, category_id, title, description, price, availability, is_suspended, created_at, updated_at) VALUES (54, 9, 'Laundry Pickup & Delivery', 'Thorough cleaning of all rooms, dusting, vacuuming, and mopping.', 155.05, 'Tue, Thu 10am-2pm', FALSE, '2025-04-15 07:31:17', '2025-04-15 07:31:17');
INSERT INTO cleaner_services (cleaner_account_id, category_id, title, description, price, availability, is_suspended, created_at, updated_at) VALUES (54, 9, 'Upholstery Cleaning', 'Professional window cleaning for homes.', 70.97, 'Mon, Wed, Fri 1pm-6pm', FALSE, '2025-04-26 20:09:49', '2025-04-26 20:09:49');
INSERT INTO cleaner_services (cleaner_account_id, category_id, title, description, price, availability, is_suspended, created_at, updated_at) VALUES (56, 7, 'Upholstery Cleaning', 'Steam cleaning for sofas, chairs, and other furniture.', 83.83, 'Tue, Thu 10am-2pm', FALSE, '2025-04-27 14:40:24', '2025-04-27 14:40:24');
INSERT INTO cleaner_services (cleaner_account_id, category_id, title, description, price, availability, is_suspended, created_at, updated_at) VALUES (56, 3, 'Deep Clean Deluxe', 'Move-out cleaning with attention to detail.', 209.3, 'Mon-Fri 9am-5pm', FALSE, '2025-04-15 03:28:20', '2025-04-15 03:28:20');
INSERT INTO cleaner_services (cleaner_account_id, category_id, title, description, price, availability, is_suspended, created_at, updated_at) VALUES (56, 7, 'Deep Clean Deluxe', 'Stain removal and deep carpet cleaning.', 142.94, 'By appointment', FALSE, '2025-05-01 18:45:26', '2025-05-01 18:45:26');
INSERT INTO cleaner_services (cleaner_account_id, category_id, title, description, price, availability, is_suspended, created_at, updated_at) VALUES (58, 2, 'Office Shine', 'Professional window cleaning for homes.', 228.74, 'Mon-Fri 6pm-10pm', FALSE, '2025-04-24 06:19:01', '2025-04-24 06:19:01');
INSERT INTO cleaner_services (cleaner_account_id, category_id, title, description, price, availability, is_suspended, created_at, updated_at) VALUES (58, 4, 'Crystal Clear Windows', 'Fast and efficient cleaning for apartments.', 176.93, 'Mon-Fri 6pm-10pm', FALSE, '2025-04-24 15:19:12', '2025-04-24 15:19:12');
INSERT INTO cleaner_services (cleaner_account_id, category_id, title, description, price, availability, is_suspended, created_at, updated_at) VALUES (58, 9, 'Deep Spring Cleaning', 'Professional carpet shampooing and stain removal for up to 3 rooms.', 234.83, 'Flexible', TRUE, '2025-04-11 14:16:44', '2025-04-11 14:16:44');
INSERT INTO cleaner_services (cleaner_account_id, category_id, title, description, price, availability, is_suspended, created_at, updated_at) VALUES (59, 6, 'Crystal Clear Windows', 'Move-out cleaning with attention to detail.', 157.56, 'Flexible', FALSE, '2025-04-21 13:39:12', '2025-04-21 13:39:12');
INSERT INTO cleaner_services (cleaner_account_id, category_id, title, description, price, availability, is_suspended, created_at, updated_at) VALUES (60, 9, 'Post-Construction Cleanup', 'Move-out cleaning with attention to detail.', 225.93, 'Mon-Fri 9am-5pm', FALSE, '2025-04-30 11:29:47', '2025-04-30 11:29:47');
INSERT INTO cleaner_services (cleaner_account_id, category_id, title, description, price, availability, is_suspended, created_at, updated_at) VALUES (60, 2, 'Driveway Pressure Washing', 'Professional carpet shampooing and stain removal for up to 3 rooms.', 98.84, 'Mon-Fri 9am-5pm', FALSE, '2025-04-16 12:47:37', '2025-04-16 12:47:37');
INSERT INTO cleaner_services (cleaner_account_id, category_id, title, description, price, availability, is_suspended, created_at, updated_at) VALUES (63, 6, 'Laundry Pickup & Delivery', 'Comprehensive deep cleaning for large homes.', 156.14, 'Weekends 10am-4pm', FALSE, '2025-04-24 11:31:52', '2025-04-24 11:31:52');
INSERT INTO cleaner_services (cleaner_account_id, category_id, title, description, price, availability, is_suspended, created_at, updated_at) VALUES (63, 6, 'Carpet Rescue', 'Professional carpet shampooing and stain removal for up to 3 rooms.', 145.05, 'Fri 2pm-6pm', FALSE, '2025-04-25 04:32:47', '2025-04-25 04:32:47');
INSERT INTO cleaner_services (cleaner_account_id, category_id, title, description, price, availability, is_suspended, created_at, updated_at) VALUES (63, 9, 'Post-Reno Cleanup', 'Wash, dry, fold, and delivery service for weekly laundry.', 134.59, 'By appointment', FALSE, '2025-04-25 07:37:05', '2025-04-25 07:37:05');
INSERT INTO cleaner_services (cleaner_account_id, category_id, title, description, price, availability, is_suspended, created_at, updated_at) VALUES (67, 5, 'Move-in/Move-out Package', 'Complete cleaning for moving in or out, including inside cabinets and appliances.', 87.51, 'Tue, Thu 10am-2pm', FALSE, '2025-04-11 05:13:20', '2025-04-11 05:13:20');
INSERT INTO cleaner_services (cleaner_account_id, category_id, title, description, price, availability, is_suspended, created_at, updated_at) VALUES (67, 1, 'Upholstery Cleaning', 'Cleaning after construction or renovation.', 183.29, 'Mon-Fri 6pm-10pm', TRUE, '2025-04-13 21:53:24', '2025-04-13 21:53:24');
INSERT INTO cleaner_services (cleaner_account_id, category_id, title, description, price, availability, is_suspended, created_at, updated_at) VALUES (69, 5, 'Crystal Clear Windows', 'Thorough cleaning of all rooms, dusting, vacuuming, and mopping.', 94.19, 'Mon-Fri 6pm-10pm', FALSE, '2025-04-24 17:02:42', '2025-04-24 17:02:42');
INSERT INTO cleaner_services (cleaner_account_id, category_id, title, description, price, availability, is_suspended, created_at, updated_at) VALUES (71, 5, 'Driveway Pressure Washing', 'Regular office cleaning including workspaces, restrooms, and common areas.', 161.84, 'Mon-Fri 6pm-10pm', TRUE, '2025-04-28 10:03:31', '2025-04-28 10:03:31');
INSERT INTO cleaner_services (cleaner_account_id, category_id, title, description, price, availability, is_suspended, created_at, updated_at) VALUES (73, 5, 'Move-Out Special', 'Steam cleaning for sofas, chairs, and other furniture.', 174.0, 'Flexible', FALSE, '2025-04-08 11:39:05', '2025-04-08 11:39:05');
INSERT INTO cleaner_services (cleaner_account_id, category_id, title, description, price, availability, is_suspended, created_at, updated_at) VALUES (75, 3, 'Standard Home Cleaning', 'Intensive cleaning including appliances, baseboards, and hard-to-reach areas.', 232.97, 'By appointment', FALSE, '2025-04-26 09:39:08', '2025-04-26 09:39:08');
INSERT INTO cleaner_services (cleaner_account_id, category_id, title, description, price, availability, is_suspended, created_at, updated_at) VALUES (75, 6, 'Post-Construction Cleanup', 'Thorough cleaning of all rooms, dusting, vacuuming, and mopping.', 230.41, 'Tue, Thu 10am-2pm', FALSE, '2025-04-10 08:18:37', '2025-04-10 08:18:37');
INSERT INTO cleaner_services (cleaner_account_id, category_id, title, description, price, availability, is_suspended, created_at, updated_at) VALUES (75, 7, 'Carpet Rescue', 'Move-out cleaning with attention to detail.', 192.84, 'Tue, Thu 10am-2pm', FALSE, '2025-04-29 00:59:31', '2025-04-29 00:59:31');
INSERT INTO cleaner_services (cleaner_account_id, category_id, title, description, price, availability, is_suspended, created_at, updated_at) VALUES (77, 8, 'Laundry Pickup & Delivery', 'Move-out cleaning with attention to detail.', 151.17, 'Mon-Fri 6pm-10pm', FALSE, '2025-05-01 03:16:05', '2025-05-01 03:16:05');
INSERT INTO cleaner_services (cleaner_account_id, category_id, title, description, price, availability, is_suspended, created_at, updated_at) VALUES (77, 1, 'Post-Construction Cleanup', 'Professional carpet shampooing and stain removal for up to 3 rooms.', 55.2, 'Sat 9am-3pm', FALSE, '2025-04-25 00:06:31', '2025-04-25 00:06:31');
INSERT INTO cleaner_services (cleaner_account_id, category_id, title, description, price, availability, is_suspended, created_at, updated_at) VALUES (83, 4, 'Move-in/Move-out Package', 'Stain removal and deep carpet cleaning.', 232.89, 'Sat-Sun 8am-12pm', FALSE, '2025-04-14 14:30:33', '2025-04-14 14:30:33');
INSERT INTO cleaner_services (cleaner_account_id, category_id, title, description, price, availability, is_suspended, created_at, updated_at) VALUES (83, 2, 'Post-Construction Cleanup', 'Fast and efficient cleaning for apartments.', 222.81, 'Flexible', FALSE, '2025-04-29 02:43:57', '2025-04-29 02:43:57');
INSERT INTO cleaner_services (cleaner_account_id, category_id, title, description, price, availability, is_suspended, created_at, updated_at) VALUES (85, 6, 'Move-in/Move-out Package', 'Intensive cleaning including appliances, baseboards, and hard-to-reach areas.', 129.41, 'Mon, Wed, Fri 1pm-6pm', FALSE, '2025-04-15 17:18:31', '2025-04-15 17:18:31');
INSERT INTO cleaner_services (cleaner_account_id, category_id, title, description, price, availability, is_suspended, created_at, updated_at) VALUES (93, 5, 'Driveway Pressure Washing', 'Complete cleaning for moving in or out, including inside cabinets and appliances.', 196.96, 'Sat-Sun 8am-12pm', FALSE, '2025-04-28 05:21:35', '2025-04-28 05:21:35');
INSERT INTO cleaner_services (cleaner_account_id, category_id, title, description, price, availability, is_suspended, created_at, updated_at) VALUES (93, 9, 'Post-Construction Cleanup', 'Professional window cleaning for homes.', 141.2, 'Sat 10am-2pm', FALSE, '2025-04-23 13:23:41', '2025-04-23 13:23:41');
INSERT INTO cleaner_services (cleaner_account_id, category_id, title, description, price, availability, is_suspended, created_at, updated_at) VALUES (93, 3, 'Move-in/Move-out Package', 'Cleaning after construction or renovation.', 219.65, 'Flexible', FALSE, '2025-05-06 01:17:41', '2025-05-06 01:17:41');
INSERT INTO cleaner_services (cleaner_account_id, category_id, title, description, price, availability, is_suspended, created_at, updated_at) VALUES (94, 2, 'Laundry Pickup & Delivery', 'Removal of dust and debris after renovation or construction work.', 147.67, 'Flexible', FALSE, '2025-05-01 02:05:39', '2025-05-01 02:05:39');
INSERT INTO cleaner_services (cleaner_account_id, category_id, title, description, price, availability, is_suspended, created_at, updated_at) VALUES (96, 9, 'Quick Home Clean', 'Wash, dry, fold, and delivery service for weekly laundry.', 226.45, 'Sat 10am-2pm', FALSE, '2025-04-30 19:31:51', '2025-04-30 19:31:51');
INSERT INTO cleaner_services (cleaner_account_id, category_id, title, description, price, availability, is_suspended, created_at, updated_at) VALUES (96, 7, 'Post-Construction Cleanup', 'Wash, dry, fold, and delivery service for weekly laundry.', 144.33, 'Sat 9am-3pm', FALSE, '2025-05-01 23:20:13', '2025-05-01 23:20:13');
INSERT INTO cleaner_services (cleaner_account_id, category_id, title, description, price, availability, is_suspended, created_at, updated_at) VALUES (96, 9, 'Deep Spring Cleaning', 'Steam cleaning for sofas, chairs, and other furniture.', 88.89, 'Mon-Fri 6pm-10pm', FALSE, '2025-04-14 14:26:41', '2025-04-14 14:26:41');
INSERT INTO cleaner_services (cleaner_account_id, category_id, title, description, price, availability, is_suspended, created_at, updated_at) VALUES (97, 4, 'Quick Home Clean', 'Comprehensive deep cleaning for large homes.', 130.73, 'Weekends 9am-5pm', FALSE, '2025-04-09 05:54:30', '2025-04-09 05:54:30');
INSERT INTO cleaner_services (cleaner_account_id, category_id, title, description, price, availability, is_suspended, created_at, updated_at) VALUES (98, 5, 'Carpet Refresh', 'Stain removal and deep carpet cleaning.', 61.11, 'Mon-Fri 8am-12pm', FALSE, '2025-05-04 01:55:38', '2025-05-04 01:55:38');
INSERT INTO cleaner_services (cleaner_account_id, category_id, title, description, price, availability, is_suspended, created_at, updated_at) VALUES (98, 6, 'Carpet Rescue', 'Interior and exterior window cleaning for homes up to 2 stories.', 244.51, 'Sat 9am-3pm', FALSE, '2025-04-10 10:31:46', '2025-04-10 10:31:46');
INSERT INTO cleaner_services (cleaner_account_id, category_id, title, description, price, availability, is_suspended, created_at, updated_at) VALUES (101, 3, 'Laundry Pickup & Delivery', 'Interior and exterior window cleaning for homes up to 2 stories.', 56.19, 'Mon-Fri 6pm-10pm', FALSE, '2025-04-27 15:22:16', '2025-04-27 15:22:16');
INSERT INTO cleaner_services (cleaner_account_id, category_id, title, description, price, availability, is_suspended, created_at, updated_at) VALUES (101, 2, 'Deep Clean Deluxe', 'Steam cleaning for sofas, chairs, and other furniture.', 78.07, 'Sat-Sun 8am-12pm', FALSE, '2025-05-02 15:54:13', '2025-05-02 15:54:13');
INSERT INTO service_views (service_id, viewed_at, viewer_account_id) VALUES (41, '2025-04-15 21:10:07', 81);
INSERT INTO service_views (service_id, viewed_at, viewer_account_id) VALUES (50, '2025-04-29 04:24:37', 81);
INSERT INTO service_views (service_id, viewed_at, viewer_account_id) VALUES (61, '2025-04-29 22:48:09', 10);
INSERT INTO service_views (service_id, viewed_at, viewer_account_id) VALUES (27, '2025-04-09 22:41:50', 31);
INSERT INTO service_views (service_id, viewed_at, viewer_account_id) VALUES (43, '2025-04-19 21:26:32', 65);
INSERT INTO service_views (service_id, viewed_at, viewer_account_id) VALUES (67, '2025-04-17 11:01:56', 2);
INSERT INTO service_views (service_id, viewed_at, viewer_account_id) VALUES (39, '2025-04-18 09:29:42', 36);
INSERT INTO service_views (service_id, viewed_at, viewer_account_id) VALUES (17, '2025-04-13 10:00:33', 65);
INSERT INTO service_views (service_id, viewed_at, viewer_account_id) VALUES (15, '2025-05-03 23:12:24', 30);
INSERT INTO service_views (service_id, viewed_at, viewer_account_id) VALUES (22, '2025-04-09 18:07:51', 9);
INSERT INTO service_views (service_id, viewed_at, viewer_account_id) VALUES (61, '2025-04-15 16:15:00', 37);
INSERT INTO service_views (service_id, viewed_at, viewer_account_id) VALUES (58, '2025-04-24 08:53:50', 39);
INSERT INTO service_views (service_id, viewed_at, viewer_account_id) VALUES (31, '2025-04-19 13:44:25', 44);
INSERT INTO service_views (service_id, viewed_at, viewer_account_id) VALUES (42, '2025-04-26 05:15:17', 30);
INSERT INTO service_views (service_id, viewed_at, viewer_account_id) VALUES (42, '2025-04-27 17:32:48', 81);
INSERT INTO service_views (service_id, viewed_at, viewer_account_id) VALUES (36, '2025-05-01 03:33:29', 9);
INSERT INTO service_views (service_id, viewed_at, viewer_account_id) VALUES (38, '2025-04-24 20:41:34', 37);
INSERT INTO service_views (service_id, viewed_at, viewer_account_id) VALUES (41, '2025-04-28 15:07:37', 104);
INSERT INTO service_views (service_id, viewed_at, viewer_account_id) VALUES (47, '2025-04-26 23:21:06', 36);
INSERT INTO service_views (service_id, viewed_at, viewer_account_id) VALUES (30, '2025-04-16 14:54:15', 10);
INSERT INTO service_views (service_id, viewed_at, viewer_account_id) VALUES (13, '2025-04-15 12:24:44', 80);
INSERT INTO service_views (service_id, viewed_at, viewer_account_id) VALUES (25, '2025-04-18 02:03:31', 2);
INSERT INTO service_views (service_id, viewed_at, viewer_account_id) VALUES (27, '2025-04-24 18:08:13', 30);
INSERT INTO service_views (service_id, viewed_at, viewer_account_id) VALUES (54, '2025-04-20 00:30:37', 42);
INSERT INTO service_views (service_id, viewed_at, viewer_account_id) VALUES (5, '2025-04-24 21:04:30', 27);
INSERT INTO service_views (service_id, viewed_at, viewer_account_id) VALUES (34, '2025-04-28 06:37:03', 42);
INSERT INTO service_views (service_id, viewed_at, viewer_account_id) VALUES (3, '2025-04-30 05:35:39', 53);
INSERT INTO service_views (service_id, viewed_at, viewer_account_id) VALUES (31, '2025-04-25 04:13:50', 31);
INSERT INTO service_views (service_id, viewed_at, viewer_account_id) VALUES (67, '2025-05-01 20:56:52', 34);
INSERT INTO service_views (service_id, viewed_at, viewer_account_id) VALUES (60, '2025-04-11 14:27:30', 42);
INSERT INTO service_views (service_id, viewed_at, viewer_account_id) VALUES (15, '2025-04-11 08:47:46', 10);
INSERT INTO service_views (service_id, viewed_at, viewer_account_id) VALUES (38, '2025-04-12 15:47:45', 26);
INSERT INTO service_views (service_id, viewed_at, viewer_account_id) VALUES (65, '2025-05-05 15:07:13', 81);
INSERT INTO service_views (service_id, viewed_at, viewer_account_id) VALUES (47, '2025-04-22 13:41:12', 30);
INSERT INTO service_views (service_id, viewed_at, viewer_account_id) VALUES (5, '2025-04-23 23:58:13', 44);
INSERT INTO service_views (service_id, viewed_at, viewer_account_id) VALUES (2, '2025-05-04 03:02:09', 26);
INSERT INTO service_views (service_id, viewed_at, viewer_account_id) VALUES (48, '2025-04-20 17:44:12', 44);
INSERT INTO service_views (service_id, viewed_at, viewer_account_id) VALUES (24, '2025-04-14 13:07:50', 30);
INSERT INTO service_views (service_id, viewed_at, viewer_account_id) VALUES (54, '2025-04-08 18:08:30', 53);
INSERT INTO service_views (service_id, viewed_at, viewer_account_id) VALUES (42, '2025-04-14 04:11:05', 74);
INSERT INTO service_views (service_id, viewed_at, viewer_account_id) VALUES (22, '2025-05-06 08:24:40', 53);
INSERT INTO service_views (service_id, viewed_at, viewer_account_id) VALUES (25, '2025-04-22 01:08:17', 65);
INSERT INTO service_views (service_id, viewed_at, viewer_account_id) VALUES (42, '2025-04-14 23:12:42', 53);
INSERT INTO service_views (service_id, viewed_at, viewer_account_id) VALUES (67, '2025-04-19 03:38:12', 47);
INSERT INTO service_views (service_id, viewed_at, viewer_account_id) VALUES (33, '2025-04-24 11:28:51', 80);
INSERT INTO service_views (service_id, viewed_at, viewer_account_id) VALUES (19, '2025-04-29 06:13:01', 7);
INSERT INTO service_views (service_id, viewed_at, viewer_account_id) VALUES (61, '2025-05-05 01:04:26', 36);
INSERT INTO service_views (service_id, viewed_at, viewer_account_id) VALUES (11, '2025-04-08 06:49:12', 9);
INSERT INTO service_views (service_id, viewed_at, viewer_account_id) VALUES (37, '2025-04-29 10:29:52', 37);
INSERT INTO service_views (service_id, viewed_at, viewer_account_id) VALUES (26, '2025-04-09 13:08:04', 104);
INSERT INTO service_views (service_id, viewed_at, viewer_account_id) VALUES (5, '2025-04-20 23:36:47', 36);
INSERT INTO service_views (service_id, viewed_at, viewer_account_id) VALUES (9, '2025-04-25 16:16:00', 80);
INSERT INTO service_views (service_id, viewed_at, viewer_account_id) VALUES (17, '2025-05-04 17:08:51', 36);
INSERT INTO service_views (service_id, viewed_at, viewer_account_id) VALUES (43, '2025-04-22 09:53:29', 37);
INSERT INTO service_views (service_id, viewed_at, viewer_account_id) VALUES (51, '2025-05-05 15:35:23', 7);
INSERT INTO service_views (service_id, viewed_at, viewer_account_id) VALUES (51, '2025-04-25 11:11:04', 47);
INSERT INTO service_views (service_id, viewed_at, viewer_account_id) VALUES (29, '2025-04-11 07:25:24', 44);
INSERT INTO service_views (service_id, viewed_at, viewer_account_id) VALUES (51, '2025-04-27 20:33:38', 42);
INSERT INTO service_views (service_id, viewed_at, viewer_account_id) VALUES (29, '2025-04-25 13:16:26', 81);
INSERT INTO service_views (service_id, viewed_at, viewer_account_id) VALUES (37, '2025-04-11 00:05:34', 30);
INSERT INTO service_views (service_id, viewed_at, viewer_account_id) VALUES (24, '2025-05-03 02:55:14', 37);
INSERT INTO service_views (service_id, viewed_at, viewer_account_id) VALUES (16, '2025-05-05 01:13:56', 26);
INSERT INTO service_views (service_id, viewed_at, viewer_account_id) VALUES (41, '2025-04-08 01:52:34', 47);
INSERT INTO service_views (service_id, viewed_at, viewer_account_id) VALUES (45, '2025-04-20 12:06:25', 42);
INSERT INTO service_views (service_id, viewed_at, viewer_account_id) VALUES (64, '2025-04-24 07:21:36', 2);
INSERT INTO service_views (service_id, viewed_at, viewer_account_id) VALUES (64, '2025-04-19 17:33:28', 9);
INSERT INTO service_views (service_id, viewed_at, viewer_account_id) VALUES (63, '2025-05-01 00:00:03', 64);
INSERT INTO service_views (service_id, viewed_at, viewer_account_id) VALUES (8, '2025-05-03 21:41:47', 65);
INSERT INTO service_views (service_id, viewed_at, viewer_account_id) VALUES (20, '2025-04-19 00:53:01', 74);
INSERT INTO service_views (service_id, viewed_at, viewer_account_id) VALUES (51, '2025-04-10 00:02:24', 30);
INSERT INTO service_views (service_id, viewed_at, viewer_account_id) VALUES (22, '2025-04-30 13:40:52', 21);
INSERT INTO service_views (service_id, viewed_at, viewer_account_id) VALUES (4, '2025-05-03 15:01:04', 7);
INSERT INTO service_views (service_id, viewed_at, viewer_account_id) VALUES (28, '2025-04-10 09:03:34', 30);
INSERT INTO service_views (service_id, viewed_at, viewer_account_id) VALUES (22, '2025-04-18 17:38:41', 65);
INSERT INTO service_views (service_id, viewed_at, viewer_account_id) VALUES (45, '2025-04-21 15:21:40', 53);
INSERT INTO service_views (service_id, viewed_at, viewer_account_id) VALUES (35, '2025-04-30 13:17:03', 37);
INSERT INTO service_views (service_id, viewed_at, viewer_account_id) VALUES (51, '2025-04-14 12:18:43', 27);
INSERT INTO service_views (service_id, viewed_at, viewer_account_id) VALUES (10, '2025-05-04 06:42:44', 2);
INSERT INTO service_views (service_id, viewed_at, viewer_account_id) VALUES (12, '2025-04-21 01:08:03', 27);
INSERT INTO service_views (service_id, viewed_at, viewer_account_id) VALUES (55, '2025-05-07 16:35:36', 47);
INSERT INTO service_views (service_id, viewed_at, viewer_account_id) VALUES (41, '2025-04-30 18:29:02', 21);
INSERT INTO service_views (service_id, viewed_at, viewer_account_id) VALUES (54, '2025-04-09 13:49:05', 10);
INSERT INTO service_views (service_id, viewed_at, viewer_account_id) VALUES (40, '2025-05-04 15:59:21', 8);
INSERT INTO service_views (service_id, viewed_at, viewer_account_id) VALUES (27, '2025-05-03 19:54:45', 104);
INSERT INTO service_views (service_id, viewed_at, viewer_account_id) VALUES (6, '2025-04-16 21:00:49', 47);
INSERT INTO service_views (service_id, viewed_at, viewer_account_id) VALUES (57, '2025-04-26 05:59:03', 36);
INSERT INTO service_views (service_id, viewed_at, viewer_account_id) VALUES (18, '2025-04-14 12:22:06', 80);
INSERT INTO service_views (service_id, viewed_at, viewer_account_id) VALUES (51, '2025-04-08 17:08:49', 104);
INSERT INTO service_views (service_id, viewed_at, viewer_account_id) VALUES (58, '2025-05-01 03:36:07', 80);
INSERT INTO service_views (service_id, viewed_at, viewer_account_id) VALUES (17, '2025-04-10 16:33:09', 80);
INSERT INTO service_views (service_id, viewed_at, viewer_account_id) VALUES (3, '2025-04-27 21:30:49', 34);
INSERT INTO service_views (service_id, viewed_at, viewer_account_id) VALUES (41, '2025-04-27 01:08:13', 27);
INSERT INTO service_views (service_id, viewed_at, viewer_account_id) VALUES (31, '2025-04-08 19:42:42', 34);
INSERT INTO service_views (service_id, viewed_at, viewer_account_id) VALUES (10, '2025-04-24 13:38:56', 9);
INSERT INTO service_views (service_id, viewed_at, viewer_account_id) VALUES (42, '2025-05-01 23:43:06', 27);
INSERT INTO service_views (service_id, viewed_at, viewer_account_id) VALUES (61, '2025-04-17 09:34:03', 53);
INSERT INTO service_views (service_id, viewed_at, viewer_account_id) VALUES (17, '2025-04-19 07:46:35', 64);
INSERT INTO service_views (service_id, viewed_at, viewer_account_id) VALUES (66, '2025-05-05 23:17:47', 26);
INSERT INTO service_views (service_id, viewed_at, viewer_account_id) VALUES (65, '2025-04-15 19:16:51', 74);
INSERT INTO service_views (service_id, viewed_at, viewer_account_id) VALUES (61, '2025-04-15 08:51:31', 47);
INSERT INTO service_shortlists (homeowner_account_id, service_id, shortlisted_at, is_confirmed, is_deleted) VALUES (37, 22, '2025-04-20 21:52:50', FALSE, TRUE);
INSERT INTO service_shortlists (homeowner_account_id, service_id, shortlisted_at, is_confirmed, is_deleted) VALUES (10, 9, '2025-04-20 12:34:21', FALSE, FALSE);
INSERT INTO service_shortlists (homeowner_account_id, service_id, shortlisted_at, is_confirmed, is_deleted) VALUES (74, 1, '2025-04-14 15:21:28', FALSE, FALSE);
INSERT INTO service_shortlists (homeowner_account_id, service_id, shortlisted_at, is_confirmed, is_deleted) VALUES (36, 38, '2025-04-09 14:46:42', FALSE, FALSE);
INSERT INTO service_shortlists (homeowner_account_id, service_id, shortlisted_at, is_confirmed, is_deleted) VALUES (53, 44, '2025-05-04 17:46:57', TRUE, FALSE);
INSERT INTO service_shortlists (homeowner_account_id, service_id, shortlisted_at, is_confirmed, is_deleted) VALUES (7, 62, '2025-04-09 15:31:28', FALSE, FALSE);
INSERT INTO service_shortlists (homeowner_account_id, service_id, shortlisted_at, is_confirmed, is_deleted) VALUES (74, 61, '2025-04-26 00:45:35', FALSE, FALSE);
INSERT INTO service_shortlists (homeowner_account_id, service_id, shortlisted_at, is_confirmed, is_deleted) VALUES (81, 46, '2025-04-22 16:18:35', FALSE, FALSE);
INSERT INTO service_shortlists (homeowner_account_id, service_id, shortlisted_at, is_confirmed, is_deleted) VALUES (34, 22, '2025-05-03 14:16:10', FALSE, FALSE);
INSERT INTO service_shortlists (homeowner_account_id, service_id, shortlisted_at, is_confirmed, is_deleted) VALUES (31, 12, '2025-04-19 12:08:54', FALSE, TRUE);
INSERT INTO service_shortlists (homeowner_account_id, service_id, shortlisted_at, is_confirmed, is_deleted) VALUES (81, 45, '2025-04-14 01:51:29', FALSE, TRUE);
INSERT INTO service_shortlists (homeowner_account_id, service_id, shortlisted_at, is_confirmed, is_deleted) VALUES (34, 41, '2025-04-18 10:28:26', FALSE, FALSE);
INSERT INTO service_shortlists (homeowner_account_id, service_id, shortlisted_at, is_confirmed, is_deleted) VALUES (44, 5, '2025-04-17 15:56:56', FALSE, FALSE);
INSERT INTO service_shortlists (homeowner_account_id, service_id, shortlisted_at, is_confirmed, is_deleted) VALUES (27, 12, '2025-04-17 02:55:42', TRUE, FALSE);
INSERT INTO service_shortlists (homeowner_account_id, service_id, shortlisted_at, is_confirmed, is_deleted) VALUES (10, 10, '2025-05-01 00:33:14', FALSE, TRUE);
INSERT INTO service_shortlists (homeowner_account_id, service_id, shortlisted_at, is_confirmed, is_deleted) VALUES (74, 64, '2025-04-22 14:18:38', FALSE, FALSE);
INSERT INTO service_shortlists (homeowner_account_id, service_id, shortlisted_at, is_confirmed, is_deleted) VALUES (42, 4, '2025-05-01 05:59:30', FALSE, FALSE);
INSERT INTO service_shortlists (homeowner_account_id, service_id, shortlisted_at, is_confirmed, is_deleted) VALUES (44, 16, '2025-05-01 07:37:17', FALSE, FALSE);
INSERT INTO service_shortlists (homeowner_account_id, service_id, shortlisted_at, is_confirmed, is_deleted) VALUES (74, 11, '2025-04-09 16:25:42', FALSE, FALSE);
INSERT INTO service_shortlists (homeowner_account_id, service_id, shortlisted_at, is_confirmed, is_deleted) VALUES (47, 22, '2025-04-14 20:53:28', FALSE, TRUE);
INSERT INTO service_shortlists (homeowner_account_id, service_id, shortlisted_at, is_confirmed, is_deleted) VALUES (53, 10, '2025-04-29 15:35:36', FALSE, FALSE);
INSERT INTO service_shortlists (homeowner_account_id, service_id, shortlisted_at, is_confirmed, is_deleted) VALUES (7, 34, '2025-05-04 14:55:48', TRUE, TRUE);
INSERT INTO service_shortlists (homeowner_account_id, service_id, shortlisted_at, is_confirmed, is_deleted) VALUES (9, 3, '2025-04-10 05:30:52', FALSE, FALSE);
INSERT INTO service_shortlists (homeowner_account_id, service_id, shortlisted_at, is_confirmed, is_deleted) VALUES (39, 35, '2025-04-12 15:54:22', FALSE, TRUE);
INSERT INTO service_shortlists (homeowner_account_id, service_id, shortlisted_at, is_confirmed, is_deleted) VALUES (80, 1, '2025-05-04 18:17:55', FALSE, FALSE);
INSERT INTO service_shortlists (homeowner_account_id, service_id, shortlisted_at, is_confirmed, is_deleted) VALUES (31, 3, '2025-04-12 16:46:06', FALSE, FALSE);
INSERT INTO service_shortlists (homeowner_account_id, service_id, shortlisted_at, is_confirmed, is_deleted) VALUES (44, 58, '2025-04-09 14:32:54', FALSE, FALSE);
INSERT INTO service_shortlists (homeowner_account_id, service_id, shortlisted_at, is_confirmed, is_deleted) VALUES (21, 32, '2025-04-21 16:59:59', FALSE, FALSE);
INSERT INTO service_shortlists (homeowner_account_id, service_id, shortlisted_at, is_confirmed, is_deleted) VALUES (27, 40, '2025-05-02 20:08:46', FALSE, FALSE);
INSERT INTO service_shortlists (homeowner_account_id, service_id, shortlisted_at, is_confirmed, is_deleted) VALUES (26, 48, '2025-04-22 05:59:51', FALSE, TRUE);
INSERT INTO service_shortlists (homeowner_account_id, service_id, shortlisted_at, is_confirmed, is_deleted) VALUES (31, 65, '2025-04-28 20:59:09', FALSE, FALSE);
INSERT INTO service_shortlists (homeowner_account_id, service_id, shortlisted_at, is_confirmed, is_deleted) VALUES (53, 59, '2025-05-03 20:38:58', FALSE, FALSE);
INSERT INTO service_shortlists (homeowner_account_id, service_id, shortlisted_at, is_confirmed, is_deleted) VALUES (31, 53, '2025-04-22 14:29:07', FALSE, FALSE);
INSERT INTO service_shortlists (homeowner_account_id, service_id, shortlisted_at, is_confirmed, is_deleted) VALUES (42, 19, '2025-04-18 11:02:57', TRUE, FALSE);
INSERT INTO service_shortlists (homeowner_account_id, service_id, shortlisted_at, is_confirmed, is_deleted) VALUES (30, 37, '2025-04-19 12:31:02', FALSE, FALSE);
INSERT INTO service_shortlists (homeowner_account_id, service_id, shortlisted_at, is_confirmed, is_deleted) VALUES (37, 11, '2025-04-25 13:43:23', FALSE, FALSE);
INSERT INTO service_shortlists (homeowner_account_id, service_id, shortlisted_at, is_confirmed, is_deleted) VALUES (27, 67, '2025-04-21 18:32:03', FALSE, FALSE);
INSERT INTO service_shortlists (homeowner_account_id, service_id, shortlisted_at, is_confirmed, is_deleted) VALUES (30, 47, '2025-04-14 23:22:32', FALSE, FALSE);
INSERT INTO service_shortlists (homeowner_account_id, service_id, shortlisted_at, is_confirmed, is_deleted) VALUES (39, 63, '2025-04-12 19:39:28', FALSE, FALSE);
INSERT INTO service_shortlists (homeowner_account_id, service_id, shortlisted_at, is_confirmed, is_deleted) VALUES (65, 65, '2025-04-11 02:27:34', FALSE, FALSE);
INSERT INTO service_shortlists (homeowner_account_id, service_id, shortlisted_at, is_confirmed, is_deleted) VALUES (31, 25, '2025-05-07 06:06:13', FALSE, FALSE);
INSERT INTO service_shortlists (homeowner_account_id, service_id, shortlisted_at, is_confirmed, is_deleted) VALUES (64, 41, '2025-04-09 19:56:44', TRUE, FALSE);
INSERT INTO service_shortlists (homeowner_account_id, service_id, shortlisted_at, is_confirmed, is_deleted) VALUES (37, 49, '2025-04-24 22:39:43', TRUE, TRUE);
INSERT INTO service_shortlists (homeowner_account_id, service_id, shortlisted_at, is_confirmed, is_deleted) VALUES (64, 16, '2025-04-19 18:05:45', FALSE, FALSE);
INSERT INTO service_shortlists (homeowner_account_id, service_id, shortlisted_at, is_confirmed, is_deleted) VALUES (27, 11, '2025-05-03 05:21:01', TRUE, FALSE);
INSERT INTO service_shortlists (homeowner_account_id, service_id, shortlisted_at, is_confirmed, is_deleted) VALUES (42, 12, '2025-04-11 23:55:48', FALSE, FALSE);
INSERT INTO service_shortlists (homeowner_account_id, service_id, shortlisted_at, is_confirmed, is_deleted) VALUES (26, 23, '2025-05-05 07:06:34', FALSE, FALSE);
INSERT INTO service_shortlists (homeowner_account_id, service_id, shortlisted_at, is_confirmed, is_deleted) VALUES (21, 54, '2025-05-05 22:01:25', FALSE, FALSE);
INSERT INTO service_shortlists (homeowner_account_id, service_id, shortlisted_at, is_confirmed, is_deleted) VALUES (37, 16, '2025-04-18 18:33:17', FALSE, FALSE);
INSERT INTO service_shortlists (homeowner_account_id, service_id, shortlisted_at, is_confirmed, is_deleted) VALUES (74, 55, '2025-04-11 04:36:00', FALSE, FALSE);
INSERT INTO service_shortlists (homeowner_account_id, service_id, shortlisted_at, is_confirmed, is_deleted) VALUES (64, 1, '2025-04-28 08:02:57', FALSE, TRUE);
INSERT INTO service_shortlists (homeowner_account_id, service_id, shortlisted_at, is_confirmed, is_deleted) VALUES (37, 3, '2025-05-03 02:34:28', TRUE, FALSE);
INSERT INTO service_shortlists (homeowner_account_id, service_id, shortlisted_at, is_confirmed, is_deleted) VALUES (21, 37, '2025-04-08 10:58:08', TRUE, FALSE);
INSERT INTO service_shortlists (homeowner_account_id, service_id, shortlisted_at, is_confirmed, is_deleted) VALUES (37, 52, '2025-05-05 15:52:17', FALSE, FALSE);
INSERT INTO service_shortlists (homeowner_account_id, service_id, shortlisted_at, is_confirmed, is_deleted) VALUES (2, 36, '2025-04-15 00:49:11', TRUE, FALSE);
INSERT INTO service_shortlists (homeowner_account_id, service_id, shortlisted_at, is_confirmed, is_deleted) VALUES (42, 25, '2025-05-07 15:23:17', TRUE, FALSE);
INSERT INTO service_shortlists (homeowner_account_id, service_id, shortlisted_at, is_confirmed, is_deleted) VALUES (39, 5, '2025-04-20 11:41:57', FALSE, FALSE);
INSERT INTO service_shortlists (homeowner_account_id, service_id, shortlisted_at, is_confirmed, is_deleted) VALUES (53, 3, '2025-04-11 09:37:34', TRUE, FALSE);
INSERT INTO service_shortlists (homeowner_account_id, service_id, shortlisted_at, is_confirmed, is_deleted) VALUES (2, 50, '2025-04-26 12:10:54', FALSE, FALSE);
INSERT INTO service_shortlists (homeowner_account_id, service_id, shortlisted_at, is_confirmed, is_deleted) VALUES (65, 53, '2025-04-16 01:47:22', FALSE, FALSE);
INSERT INTO service_shortlists (homeowner_account_id, service_id, shortlisted_at, is_confirmed, is_deleted) VALUES (31, 24, '2025-04-23 07:43:02', FALSE, FALSE);
INSERT INTO service_shortlists (homeowner_account_id, service_id, shortlisted_at, is_confirmed, is_deleted) VALUES (26, 24, '2025-04-15 15:08:25', FALSE, FALSE);
INSERT INTO service_shortlists (homeowner_account_id, service_id, shortlisted_at, is_confirmed, is_deleted) VALUES (64, 21, '2025-04-18 10:45:34', TRUE, TRUE);
INSERT INTO service_shortlists (homeowner_account_id, service_id, shortlisted_at, is_confirmed, is_deleted) VALUES (31, 2, '2025-04-30 17:37:40', FALSE, FALSE);
INSERT INTO service_shortlists (homeowner_account_id, service_id, shortlisted_at, is_confirmed, is_deleted) VALUES (42, 44, '2025-04-10 18:15:47', TRUE, TRUE);
INSERT INTO service_shortlists (homeowner_account_id, service_id, shortlisted_at, is_confirmed, is_deleted) VALUES (44, 44, '2025-05-02 19:56:52', FALSE, FALSE);
INSERT INTO service_shortlists (homeowner_account_id, service_id, shortlisted_at, is_confirmed, is_deleted) VALUES (7, 3, '2025-04-29 20:34:32', FALSE, FALSE);
INSERT INTO service_shortlists (homeowner_account_id, service_id, shortlisted_at, is_confirmed, is_deleted) VALUES (36, 47, '2025-04-22 21:29:07', FALSE, FALSE);
INSERT INTO service_shortlists (homeowner_account_id, service_id, shortlisted_at, is_confirmed, is_deleted) VALUES (31, 48, '2025-05-01 13:40:34', TRUE, FALSE);
INSERT INTO service_shortlists (homeowner_account_id, service_id, shortlisted_at, is_confirmed, is_deleted) VALUES (27, 35, '2025-04-23 08:45:12', FALSE, FALSE);
INSERT INTO service_shortlists (homeowner_account_id, service_id, shortlisted_at, is_confirmed, is_deleted) VALUES (7, 22, '2025-04-10 07:19:39', FALSE, FALSE);
INSERT INTO service_shortlists (homeowner_account_id, service_id, shortlisted_at, is_confirmed, is_deleted) VALUES (31, 34, '2025-04-12 12:59:46', FALSE, FALSE);
INSERT INTO service_shortlists (homeowner_account_id, service_id, shortlisted_at, is_confirmed, is_deleted) VALUES (65, 54, '2025-04-11 17:16:07', FALSE, FALSE);
INSERT INTO service_shortlists (homeowner_account_id, service_id, shortlisted_at, is_confirmed, is_deleted) VALUES (37, 21, '2025-04-18 21:16:14', FALSE, TRUE);
INSERT INTO service_shortlists (homeowner_account_id, service_id, shortlisted_at, is_confirmed, is_deleted) VALUES (53, 27, '2025-04-29 13:45:54', FALSE, FALSE);
INSERT INTO service_shortlists (homeowner_account_id, service_id, shortlisted_at, is_confirmed, is_deleted) VALUES (53, 62, '2025-04-08 11:49:50', FALSE, TRUE);
INSERT INTO service_shortlists (homeowner_account_id, service_id, shortlisted_at, is_confirmed, is_deleted) VALUES (37, 43, '2025-04-20 22:15:19', FALSE, FALSE);
INSERT INTO service_shortlists (homeowner_account_id, service_id, shortlisted_at, is_confirmed, is_deleted) VALUES (47, 61, '2025-04-30 08:49:58', TRUE, FALSE);
INSERT INTO service_shortlists (homeowner_account_id, service_id, shortlisted_at, is_confirmed, is_deleted) VALUES (36, 21, '2025-04-15 17:55:01', FALSE, FALSE);
INSERT INTO service_shortlists (homeowner_account_id, service_id, shortlisted_at, is_confirmed, is_deleted) VALUES (39, 29, '2025-04-29 18:48:35', FALSE, FALSE);
INSERT INTO service_shortlists (homeowner_account_id, service_id, shortlisted_at, is_confirmed, is_deleted) VALUES (36, 49, '2025-04-28 11:58:24', FALSE, FALSE);
INSERT INTO service_shortlists (homeowner_account_id, service_id, shortlisted_at, is_confirmed, is_deleted) VALUES (64, 63, '2025-04-16 14:00:23', FALSE, FALSE);
INSERT INTO service_shortlists (homeowner_account_id, service_id, shortlisted_at, is_confirmed, is_deleted) VALUES (9, 67, '2025-04-16 10:58:33', TRUE, FALSE);
INSERT INTO service_shortlists (homeowner_account_id, service_id, shortlisted_at, is_confirmed, is_deleted) VALUES (74, 42, '2025-04-30 07:06:43', FALSE, FALSE);
INSERT INTO service_shortlists (homeowner_account_id, service_id, shortlisted_at, is_confirmed, is_deleted) VALUES (44, 4, '2025-04-08 00:34:56', FALSE, FALSE);
INSERT INTO service_shortlists (homeowner_account_id, service_id, shortlisted_at, is_confirmed, is_deleted) VALUES (36, 5, '2025-04-29 18:44:43', FALSE, FALSE);
INSERT INTO service_shortlists (homeowner_account_id, service_id, shortlisted_at, is_confirmed, is_deleted) VALUES (42, 22, '2025-05-07 04:09:17', FALSE, FALSE);
INSERT INTO service_shortlists (homeowner_account_id, service_id, shortlisted_at, is_confirmed, is_deleted) VALUES (26, 41, '2025-04-10 00:44:44', TRUE, FALSE);
INSERT INTO service_shortlists (homeowner_account_id, service_id, shortlisted_at, is_confirmed, is_deleted) VALUES (65, 34, '2025-04-12 02:07:18', FALSE, FALSE);
INSERT INTO service_shortlists (homeowner_account_id, service_id, shortlisted_at, is_confirmed, is_deleted) VALUES (34, 30, '2025-04-22 20:58:45', FALSE, FALSE);
INSERT INTO service_shortlists (homeowner_account_id, service_id, shortlisted_at, is_confirmed, is_deleted) VALUES (7, 44, '2025-04-18 11:40:22', FALSE, FALSE);
INSERT INTO service_shortlists (homeowner_account_id, service_id, shortlisted_at, is_confirmed, is_deleted) VALUES (10, 7, '2025-04-14 13:22:00', FALSE, FALSE);
INSERT INTO service_shortlists (homeowner_account_id, service_id, shortlisted_at, is_confirmed, is_deleted) VALUES (47, 43, '2025-04-20 16:49:35', FALSE, FALSE);
INSERT INTO service_shortlists (homeowner_account_id, service_id, shortlisted_at, is_confirmed, is_deleted) VALUES (81, 60, '2025-04-29 05:45:04', FALSE, TRUE);
INSERT INTO service_shortlists (homeowner_account_id, service_id, shortlisted_at, is_confirmed, is_deleted) VALUES (8, 29, '2025-04-27 11:01:07', TRUE, FALSE);
INSERT INTO service_shortlists (homeowner_account_id, service_id, shortlisted_at, is_confirmed, is_deleted) VALUES (21, 34, '2025-04-19 20:52:27', FALSE, FALSE);
INSERT INTO service_shortlists (homeowner_account_id, service_id, shortlisted_at, is_confirmed, is_deleted) VALUES (37, 66, '2025-05-07 03:18:01', FALSE, FALSE);
INSERT INTO service_shortlists (homeowner_account_id, service_id, shortlisted_at, is_confirmed, is_deleted) VALUES (30, 22, '2025-04-30 12:14:21', FALSE, TRUE);
INSERT INTO service_shortlists (homeowner_account_id, service_id, shortlisted_at, is_confirmed, is_deleted) VALUES (30, 44, '2025-04-30 09:54:36', FALSE, FALSE);
INSERT INTO service_shortlists (homeowner_account_id, service_id, shortlisted_at, is_confirmed, is_deleted) VALUES (31, 37, '2025-04-25 23:36:40', TRUE, TRUE);
INSERT INTO matching_bookings (homeowner_account_id, cleaner_account_id, service_id, category_id, booking_date, status, is_deleted) VALUES (47, 59, 37, 6, '2025-04-13', 'completed', FALSE);
INSERT INTO matching_bookings (homeowner_account_id, cleaner_account_id, service_id, category_id, booking_date, status, is_deleted) VALUES (44, 67, 43, 5, '2025-04-10', 'completed', FALSE);
INSERT INTO matching_bookings (homeowner_account_id, cleaner_account_id, service_id, category_id, booking_date, status, is_deleted) VALUES (8, 58, 34, 2, '2025-04-16', 'cancelled', FALSE);
INSERT INTO matching_bookings (homeowner_account_id, cleaner_account_id, service_id, category_id, booking_date, status, is_deleted) VALUES (26, 96, 62, 9, '2025-05-06', 'cancelled', FALSE);
INSERT INTO matching_bookings (homeowner_account_id, cleaner_account_id, service_id, category_id, booking_date, status, is_deleted) VALUES (10, 15, 5, 3, '2025-04-16', 'cancelled', FALSE);
INSERT INTO matching_bookings (homeowner_account_id, cleaner_account_id, service_id, category_id, booking_date, status, is_deleted) VALUES (30, 19, 10, 1, '2025-05-05', 'cancelled', FALSE);
INSERT INTO matching_bookings (homeowner_account_id, cleaner_account_id, service_id, category_id, booking_date, status, is_deleted) VALUES (39, 22, 12, 2, '2025-05-04', 'completed', FALSE);
INSERT INTO matching_bookings (homeowner_account_id, cleaner_account_id, service_id, category_id, booking_date, status, is_deleted) VALUES (47, 101, 66, 3, '2025-04-10', 'cancelled', FALSE);
INSERT INTO matching_bookings (homeowner_account_id, cleaner_account_id, service_id, category_id, booking_date, status, is_deleted) VALUES (39, 22, 12, 2, '2025-04-19', 'completed', FALSE);
INSERT INTO matching_bookings (homeowner_account_id, cleaner_account_id, service_id, category_id, booking_date, status, is_deleted) VALUES (74, 77, 52, 1, '2025-05-02', 'completed', FALSE);
INSERT INTO matching_bookings (homeowner_account_id, cleaner_account_id, service_id, category_id, booking_date, status, is_deleted) VALUES (31, 48, 22, 1, '2025-04-16', 'cancelled', FALSE);
INSERT INTO matching_bookings (homeowner_account_id, cleaner_account_id, service_id, category_id, booking_date, status, is_deleted) VALUES (47, 67, 43, 5, '2025-04-10', 'confirmed', FALSE);
INSERT INTO matching_bookings (homeowner_account_id, cleaner_account_id, service_id, category_id, booking_date, status, is_deleted) VALUES (30, 98, 64, 5, '2025-04-19', 'cancelled', FALSE);
INSERT INTO matching_bookings (homeowner_account_id, cleaner_account_id, service_id, category_id, booking_date, status, is_deleted) VALUES (2, 94, 59, 2, '2025-05-01', 'confirmed', FALSE);
INSERT INTO matching_bookings (homeowner_account_id, cleaner_account_id, service_id, category_id, booking_date, status, is_deleted) VALUES (21, 77, 52, 1, '2025-04-29', 'confirmed', FALSE);
INSERT INTO matching_bookings (homeowner_account_id, cleaner_account_id, service_id, category_id, booking_date, status, is_deleted) VALUES (80, 75, 50, 7, '2025-04-30', 'confirmed', FALSE);
INSERT INTO matching_bookings (homeowner_account_id, cleaner_account_id, service_id, category_id, booking_date, status, is_deleted) VALUES (104, 58, 35, 4, '2025-04-08', 'cancelled', FALSE);
INSERT INTO matching_bookings (homeowner_account_id, cleaner_account_id, service_id, category_id, booking_date, status, is_deleted) VALUES (34, 93, 57, 9, '2025-05-05', 'cancelled', FALSE);
INSERT INTO matching_bookings (homeowner_account_id, cleaner_account_id, service_id, category_id, booking_date, status, is_deleted) VALUES (44, 63, 41, 6, '2025-04-25', 'cancelled', FALSE);
INSERT INTO matching_bookings (homeowner_account_id, cleaner_account_id, service_id, category_id, booking_date, status, is_deleted) VALUES (8, 96, 61, 7, '2025-04-24', 'cancelled', FALSE);
INSERT INTO matching_bookings (homeowner_account_id, cleaner_account_id, service_id, category_id, booking_date, status, is_deleted) VALUES (42, 56, 31, 7, '2025-04-23', 'completed', FALSE);
INSERT INTO matching_bookings (homeowner_account_id, cleaner_account_id, service_id, category_id, booking_date, status, is_deleted) VALUES (80, 96, 62, 9, '2025-04-07', 'confirmed', FALSE);
INSERT INTO matching_bookings (homeowner_account_id, cleaner_account_id, service_id, category_id, booking_date, status, is_deleted) VALUES (80, 94, 59, 2, '2025-04-15', 'confirmed', FALSE);
INSERT INTO matching_bookings (homeowner_account_id, cleaner_account_id, service_id, category_id, booking_date, status, is_deleted) VALUES (10, 15, 4, 5, '2025-04-27', 'completed', FALSE);
INSERT INTO matching_bookings (homeowner_account_id, cleaner_account_id, service_id, category_id, booking_date, status, is_deleted) VALUES (42, 56, 32, 3, '2025-04-27', 'completed', FALSE);
INSERT INTO matching_bookings (homeowner_account_id, cleaner_account_id, service_id, category_id, booking_date, status, is_deleted) VALUES (21, 83, 53, 4, '2025-04-25', 'confirmed', FALSE);
INSERT INTO matching_bookings (homeowner_account_id, cleaner_account_id, service_id, category_id, booking_date, status, is_deleted) VALUES (42, 58, 35, 4, '2025-04-16', 'completed', FALSE);
INSERT INTO matching_bookings (homeowner_account_id, cleaner_account_id, service_id, category_id, booking_date, status, is_deleted) VALUES (8, 50, 27, 5, '2025-05-02', 'completed', FALSE);
INSERT INTO matching_bookings (homeowner_account_id, cleaner_account_id, service_id, category_id, booking_date, status, is_deleted) VALUES (27, 58, 34, 2, '2025-05-02', 'completed', FALSE);
INSERT INTO matching_bookings (homeowner_account_id, cleaner_account_id, service_id, category_id, booking_date, status, is_deleted) VALUES (30, 75, 49, 6, '2025-04-20', 'confirmed', FALSE);
INSERT INTO matching_bookings (homeowner_account_id, cleaner_account_id, service_id, category_id, booking_date, status, is_deleted) VALUES (10, 98, 64, 5, '2025-04-13', 'confirmed', FALSE);
INSERT INTO matching_bookings (homeowner_account_id, cleaner_account_id, service_id, category_id, booking_date, status, is_deleted) VALUES (31, 73, 47, 5, '2025-04-16', 'cancelled', FALSE);
INSERT INTO matching_bookings (homeowner_account_id, cleaner_account_id, service_id, category_id, booking_date, status, is_deleted) VALUES (65, 58, 36, 9, '2025-04-13', 'cancelled', FALSE);
INSERT INTO matching_bookings (homeowner_account_id, cleaner_account_id, service_id, category_id, booking_date, status, is_deleted) VALUES (34, 77, 52, 1, '2025-04-23', 'completed', FALSE);
INSERT INTO matching_bookings (homeowner_account_id, cleaner_account_id, service_id, category_id, booking_date, status, is_deleted) VALUES (34, 19, 10, 1, '2025-04-28', 'cancelled', FALSE);
INSERT INTO matching_bookings (homeowner_account_id, cleaner_account_id, service_id, category_id, booking_date, status, is_deleted) VALUES (44, 56, 31, 7, '2025-04-24', 'confirmed', FALSE);
INSERT INTO matching_bookings (homeowner_account_id, cleaner_account_id, service_id, category_id, booking_date, status, is_deleted) VALUES (39, 60, 38, 9, '2025-04-18', 'cancelled', FALSE);
INSERT INTO matching_bookings (homeowner_account_id, cleaner_account_id, service_id, category_id, booking_date, status, is_deleted) VALUES (26, 97, 63, 4, '2025-05-02', 'confirmed', FALSE);
INSERT INTO matching_bookings (homeowner_account_id, cleaner_account_id, service_id, category_id, booking_date, status, is_deleted) VALUES (74, 19, 9, 6, '2025-04-10', 'cancelled', FALSE);
INSERT INTO matching_bookings (homeowner_account_id, cleaner_account_id, service_id, category_id, booking_date, status, is_deleted) VALUES (34, 93, 58, 3, '2025-04-16', 'completed', FALSE);
INSERT INTO matching_bookings (homeowner_account_id, cleaner_account_id, service_id, category_id, booking_date, status, is_deleted) VALUES (37, 63, 40, 6, '2025-04-17', 'confirmed', FALSE);
INSERT INTO matching_bookings (homeowner_account_id, cleaner_account_id, service_id, category_id, booking_date, status, is_deleted) VALUES (37, 56, 33, 7, '2025-04-19', 'confirmed', FALSE);
INSERT INTO matching_bookings (homeowner_account_id, cleaner_account_id, service_id, category_id, booking_date, status, is_deleted) VALUES (74, 22, 11, 7, '2025-04-25', 'cancelled', FALSE);
INSERT INTO matching_bookings (homeowner_account_id, cleaner_account_id, service_id, category_id, booking_date, status, is_deleted) VALUES (8, 38, 19, 5, '2025-04-15', 'cancelled', FALSE);
INSERT INTO matching_bookings (homeowner_account_id, cleaner_account_id, service_id, category_id, booking_date, status, is_deleted) VALUES (7, 63, 42, 9, '2025-04-25', 'confirmed', FALSE);
INSERT INTO matching_bookings (homeowner_account_id, cleaner_account_id, service_id, category_id, booking_date, status, is_deleted) VALUES (104, 15, 5, 3, '2025-04-22', 'completed', FALSE);
INSERT INTO matching_bookings (homeowner_account_id, cleaner_account_id, service_id, category_id, booking_date, status, is_deleted) VALUES (9, 48, 22, 1, '2025-05-04', 'completed', FALSE);
INSERT INTO matching_bookings (homeowner_account_id, cleaner_account_id, service_id, category_id, booking_date, status, is_deleted) VALUES (9, 96, 60, 9, '2025-04-12', 'cancelled', FALSE);
INSERT INTO matching_bookings (homeowner_account_id, cleaner_account_id, service_id, category_id, booking_date, status, is_deleted) VALUES (27, 48, 24, 7, '2025-04-29', 'confirmed', FALSE);
INSERT INTO matching_bookings (homeowner_account_id, cleaner_account_id, service_id, category_id, booking_date, status, is_deleted) VALUES (81, 83, 53, 4, '2025-04-07', 'completed', FALSE);
INSERT INTO matching_bookings (homeowner_account_id, cleaner_account_id, service_id, category_id, booking_date, status, is_deleted) VALUES (36, 56, 33, 7, '2025-04-12', 'completed', FALSE);
INSERT INTO matching_bookings (homeowner_account_id, cleaner_account_id, service_id, category_id, booking_date, status, is_deleted) VALUES (31, 15, 5, 3, '2025-04-07', 'cancelled', FALSE);
INSERT INTO matching_bookings (homeowner_account_id, cleaner_account_id, service_id, category_id, booking_date, status, is_deleted) VALUES (7, 19, 8, 3, '2025-04-18', 'cancelled', FALSE);
INSERT INTO matching_bookings (homeowner_account_id, cleaner_account_id, service_id, category_id, booking_date, status, is_deleted) VALUES (7, 22, 13, 1, '2025-05-02', 'completed', FALSE);
INSERT INTO matching_bookings (homeowner_account_id, cleaner_account_id, service_id, category_id, booking_date, status, is_deleted) VALUES (21, 83, 54, 2, '2025-04-27', 'cancelled', FALSE);
INSERT INTO matching_bookings (homeowner_account_id, cleaner_account_id, service_id, category_id, booking_date, status, is_deleted) VALUES (81, 75, 50, 7, '2025-04-10', 'confirmed', FALSE);
INSERT INTO matching_bookings (homeowner_account_id, cleaner_account_id, service_id, category_id, booking_date, status, is_deleted) VALUES (26, 58, 35, 4, '2025-04-13', 'confirmed', FALSE);
INSERT INTO matching_bookings (homeowner_account_id, cleaner_account_id, service_id, category_id, booking_date, status, is_deleted) VALUES (21, 71, 46, 5, '2025-04-09', 'cancelled', FALSE);
INSERT INTO matching_bookings (homeowner_account_id, cleaner_account_id, service_id, category_id, booking_date, status, is_deleted) VALUES (65, 54, 28, 5, '2025-04-19', 'confirmed', FALSE);
INSERT INTO matching_bookings (homeowner_account_id, cleaner_account_id, service_id, category_id, booking_date, status, is_deleted) VALUES (30, 38, 19, 5, '2025-04-21', 'completed', FALSE);
INSERT INTO matching_bookings (homeowner_account_id, cleaner_account_id, service_id, category_id, booking_date, status, is_deleted) VALUES (42, 56, 31, 7, '2025-04-11', 'completed', FALSE);
INSERT INTO matching_bookings (homeowner_account_id, cleaner_account_id, service_id, category_id, booking_date, status, is_deleted) VALUES (7, 58, 34, 2, '2025-05-02', 'cancelled', FALSE);
INSERT INTO matching_bookings (homeowner_account_id, cleaner_account_id, service_id, category_id, booking_date, status, is_deleted) VALUES (21, 25, 16, 1, '2025-05-02', 'confirmed', FALSE);
INSERT INTO matching_bookings (homeowner_account_id, cleaner_account_id, service_id, category_id, booking_date, status, is_deleted) VALUES (44, 101, 67, 2, '2025-04-14', 'confirmed', FALSE);
INSERT INTO matching_bookings (homeowner_account_id, cleaner_account_id, service_id, category_id, booking_date, status, is_deleted) VALUES (34, 54, 30, 9, '2025-04-10', 'cancelled', FALSE);
INSERT INTO matching_bookings (homeowner_account_id, cleaner_account_id, service_id, category_id, booking_date, status, is_deleted) VALUES (81, 75, 50, 7, '2025-04-15', 'confirmed', FALSE);
INSERT INTO matching_bookings (homeowner_account_id, cleaner_account_id, service_id, category_id, booking_date, status, is_deleted) VALUES (27, 13, 3, 4, '2025-05-01', 'cancelled', FALSE);
INSERT INTO matching_bookings (homeowner_account_id, cleaner_account_id, service_id, category_id, booking_date, status, is_deleted) VALUES (39, 58, 36, 9, '2025-04-22', 'confirmed', FALSE);
INSERT INTO matching_bookings (homeowner_account_id, cleaner_account_id, service_id, category_id, booking_date, status, is_deleted) VALUES (2, 56, 31, 7, '2025-04-13', 'cancelled', FALSE);
INSERT INTO matching_bookings (homeowner_account_id, cleaner_account_id, service_id, category_id, booking_date, status, is_deleted) VALUES (36, 94, 59, 2, '2025-04-18', 'cancelled', FALSE);
INSERT INTO matching_bookings (homeowner_account_id, cleaner_account_id, service_id, category_id, booking_date, status, is_deleted) VALUES (30, 101, 67, 2, '2025-04-19', 'confirmed', FALSE);
INSERT INTO matching_bookings (homeowner_account_id, cleaner_account_id, service_id, category_id, booking_date, status, is_deleted) VALUES (81, 22, 11, 7, '2025-05-06', 'cancelled', FALSE);
INSERT INTO matching_bookings (homeowner_account_id, cleaner_account_id, service_id, category_id, booking_date, status, is_deleted) VALUES (9, 96, 61, 7, '2025-04-24', 'confirmed', FALSE);
INSERT INTO matching_bookings (homeowner_account_id, cleaner_account_id, service_id, category_id, booking_date, status, is_deleted) VALUES (21, 25, 16, 1, '2025-04-27', 'completed', FALSE);
INSERT INTO matching_bookings (homeowner_account_id, cleaner_account_id, service_id, category_id, booking_date, status, is_deleted) VALUES (80, 77, 52, 1, '2025-04-29', 'confirmed', FALSE);
INSERT INTO matching_bookings (homeowner_account_id, cleaner_account_id, service_id, category_id, booking_date, status, is_deleted) VALUES (7, 96, 61, 7, '2025-05-02', 'confirmed', FALSE);
INSERT INTO matching_bookings (homeowner_account_id, cleaner_account_id, service_id, category_id, booking_date, status, is_deleted) VALUES (65, 59, 37, 6, '2025-04-26', 'cancelled', FALSE);
INSERT INTO matching_bookings (homeowner_account_id, cleaner_account_id, service_id, category_id, booking_date, status, is_deleted) VALUES (65, 56, 32, 3, '2025-04-25', 'completed', FALSE);
INSERT INTO matching_bookings (homeowner_account_id, cleaner_account_id, service_id, category_id, booking_date, status, is_deleted) VALUES (30, 69, 45, 5, '2025-04-22', 'confirmed', FALSE);
INSERT INTO matching_bookings (homeowner_account_id, cleaner_account_id, service_id, category_id, booking_date, status, is_deleted) VALUES (26, 93, 56, 5, '2025-05-03', 'completed', FALSE);
INSERT INTO matching_bookings (homeowner_account_id, cleaner_account_id, service_id, category_id, booking_date, status, is_deleted) VALUES (2, 67, 43, 5, '2025-04-23', 'completed', FALSE);
INSERT INTO matching_bookings (homeowner_account_id, cleaner_account_id, service_id, category_id, booking_date, status, is_deleted) VALUES (42, 101, 66, 3, '2025-04-12', 'cancelled', FALSE);
INSERT INTO matching_bookings (homeowner_account_id, cleaner_account_id, service_id, category_id, booking_date, status, is_deleted) VALUES (104, 22, 13, 1, '2025-04-09', 'completed', FALSE);
INSERT INTO matching_bookings (homeowner_account_id, cleaner_account_id, service_id, category_id, booking_date, status, is_deleted) VALUES (53, 98, 65, 6, '2025-04-22', 'completed', FALSE);
INSERT INTO matching_bookings (homeowner_account_id, cleaner_account_id, service_id, category_id, booking_date, status, is_deleted) VALUES (8, 94, 59, 2, '2025-05-01', 'completed', FALSE);
INSERT INTO matching_bookings (homeowner_account_id, cleaner_account_id, service_id, category_id, booking_date, status, is_deleted) VALUES (81, 13, 2, 4, '2025-05-02', 'confirmed', FALSE);
INSERT INTO matching_bookings (homeowner_account_id, cleaner_account_id, service_id, category_id, booking_date, status, is_deleted) VALUES (80, 46, 21, 5, '2025-04-08', 'completed', FALSE);
INSERT INTO matching_bookings (homeowner_account_id, cleaner_account_id, service_id, category_id, booking_date, status, is_deleted) VALUES (42, 22, 13, 1, '2025-04-21', 'cancelled', FALSE);
INSERT INTO matching_bookings (homeowner_account_id, cleaner_account_id, service_id, category_id, booking_date, status, is_deleted) VALUES (2, 98, 64, 5, '2025-04-12', 'completed', FALSE);
INSERT INTO matching_bookings (homeowner_account_id, cleaner_account_id, service_id, category_id, booking_date, status, is_deleted) VALUES (65, 48, 23, 1, '2025-04-28', 'completed', FALSE);
INSERT INTO matching_bookings (homeowner_account_id, cleaner_account_id, service_id, category_id, booking_date, status, is_deleted) VALUES (74, 22, 11, 7, '2025-04-17', 'confirmed', FALSE);
INSERT INTO matching_bookings (homeowner_account_id, cleaner_account_id, service_id, category_id, booking_date, status, is_deleted) VALUES (74, 83, 54, 2, '2025-05-01', 'completed', FALSE);
INSERT INTO matching_bookings (homeowner_account_id, cleaner_account_id, service_id, category_id, booking_date, status, is_deleted) VALUES (42, 98, 64, 5, '2025-04-29', 'confirmed', FALSE);
INSERT INTO matching_bookings (homeowner_account_id, cleaner_account_id, service_id, category_id, booking_date, status, is_deleted) VALUES (2, 22, 12, 2, '2025-04-20', 'completed', FALSE);
INSERT INTO matching_bookings (homeowner_account_id, cleaner_account_id, service_id, category_id, booking_date, status, is_deleted) VALUES (7, 56, 32, 3, '2025-04-22', 'confirmed', FALSE);
INSERT INTO matching_bookings (homeowner_account_id, cleaner_account_id, service_id, category_id, booking_date, status, is_deleted) VALUES (34, 96, 62, 9, '2025-04-23', 'cancelled', FALSE);
INSERT INTO matching_bookings (homeowner_account_id, cleaner_account_id, service_id, category_id, booking_date, status, is_deleted) VALUES (26, 15, 4, 5, '2025-05-01', 'cancelled', FALSE);
INSERT INTO matching_bookings (homeowner_account_id, cleaner_account_id, service_id, category_id, booking_date, status, is_deleted) VALUES (104, 35, 17, 6, '2025-05-06', 'cancelled', FALSE);
INSERT INTO matching_bookings (homeowner_account_id, cleaner_account_id, service_id, category_id, booking_date, status, is_deleted) VALUES (81, 13, 3, 4, '2025-04-16', 'completed', FALSE);
INSERT INTO matching_bookings (homeowner_account_id, cleaner_account_id, service_id, category_id, booking_date, status, is_deleted) VALUES (9, 101, 67, 2, '2025-05-05', 'completed', FALSE);
