INSERT INTO user_profiles (profile_name, is_suspended) VALUES ('User Admin', FALSE);
INSERT INTO user_profiles (profile_name, is_suspended) VALUES ('Homeowner', FALSE);
INSERT INTO user_profiles (profile_name, is_suspended) VALUES ('Cleaner', FALSE);
INSERT INTO user_profiles (profile_name, is_suspended) VALUES ('Platform Management', FALSE);
INSERT INTO service_categories (category_name, is_suspended) VALUES ('Home Cleaning', FALSE);
INSERT INTO service_categories (category_name, is_suspended) VALUES ('Deep Cleaning', FALSE);
INSERT INTO service_categories (category_name, is_suspended) VALUES ('Carpet Cleaning', FALSE);
INSERT INTO service_categories (category_name, is_suspended) VALUES ('Window Cleaning', FALSE);
INSERT INTO service_categories (category_name, is_suspended) VALUES ('Office Cleaning', FALSE);
INSERT INTO service_categories (category_name, is_suspended) VALUES ('Move-in/Move-out Cleaning', FALSE);
INSERT INTO service_categories (category_name, is_suspended) VALUES ('Post-Construction Cleaning', FALSE);
INSERT INTO service_categories (category_name, is_suspended) VALUES ('Laundry Services', FALSE);
INSERT INTO service_categories (category_name, is_suspended) VALUES ('Pressure Washing', FALSE);
INSERT INTO user_accounts (ua_username, ua_password, full_name, email, profile_name, profile_id, is_suspended) VALUES ('admin', '1234', 'Admin User', 'admin@example.com', 'User Admin', 1, FALSE);
INSERT INTO user_accounts (ua_username, ua_password, full_name, email, profile_name, profile_id, is_suspended) VALUES ('homeowner', '1234', 'Homeowner User', 'homeowner@example.com', 'Homeowner', 2, FALSE);
INSERT INTO user_accounts (ua_username, ua_password, full_name, email, profile_name, profile_id, is_suspended) VALUES ('cleaner', '1234', 'Cleaner User', 'cleaner@example.com', 'Cleaner', 3, FALSE);
INSERT INTO user_accounts (ua_username, ua_password, full_name, email, profile_name, profile_id, is_suspended) VALUES ('platformmgmt', '1234', 'Platform Mgmt User', 'platformmgmt@example.com', 'Platform Management', 4, FALSE);
INSERT INTO user_accounts (ua_username, ua_password, full_name, email, profile_name, profile_id, is_suspended) VALUES ('justin86', '&B9MOAy569', 'Traci Hodges', 'sydneyjordan@example.org', 'User Admin', 1, FALSE);
INSERT INTO user_accounts (ua_username, ua_password, full_name, email, profile_name, profile_id, is_suspended) VALUES ('esnyder', '&ZTGsItj9D', 'David Taylor', 'amy20@example.net', 'Cleaner', 3, TRUE);
INSERT INTO user_accounts (ua_username, ua_password, full_name, email, profile_name, profile_id, is_suspended) VALUES ('qrobinson', '0BT4p4ql^k', 'Kathryn Pierce', 'traci87@example.com', 'Homeowner', 2, FALSE);
INSERT INTO user_accounts (ua_username, ua_password, full_name, email, profile_name, profile_id, is_suspended) VALUES ('lisa02', '2UFfqNHw*@', 'Yesenia Li', 'richardschwartz@example.net', 'Cleaner', 3, TRUE);
INSERT INTO user_accounts (ua_username, ua_password, full_name, email, profile_name, profile_id, is_suspended) VALUES ('fwebb', '*3MXnlce(L', 'Brett Walker', 'stonejennifer@example.org', 'User Admin', 1, FALSE);
INSERT INTO user_accounts (ua_username, ua_password, full_name, email, profile_name, profile_id, is_suspended) VALUES ('jeremy49', 'L7VYbjb_@a', 'Sarah Callahan', 'austinhoffman@example.org', 'Homeowner', 2, FALSE);
INSERT INTO user_accounts (ua_username, ua_password, full_name, email, profile_name, profile_id, is_suspended) VALUES ('tcrawford', 'lx44AzMLc*', 'Michelle Lewis', 'freemandanielle@example.com', 'User Admin', 1, FALSE);
INSERT INTO user_accounts (ua_username, ua_password, full_name, email, profile_name, profile_id, is_suspended) VALUES ('dennisdavid', 'W)6TwKAdYI', 'Austin Russell', 'sdominguez@example.com', 'Homeowner', 2, FALSE);
INSERT INTO user_accounts (ua_username, ua_password, full_name, email, profile_name, profile_id, is_suspended) VALUES ('mwhite', '@z3NwFmut#', 'Jessica Johnson', 'afarley@example.org', 'Platform Management', 4, FALSE);
INSERT INTO user_accounts (ua_username, ua_password, full_name, email, profile_name, profile_id, is_suspended) VALUES ('fmedina', '@f6MJl@ppQ', 'Thomas Coleman', 'zboyd@example.org', 'User Admin', 1, FALSE);
INSERT INTO user_accounts (ua_username, ua_password, full_name, email, profile_name, profile_id, is_suspended) VALUES ('samanthaconway', '^15AzHhr()', 'Vicki Young', 'alexander89@example.net', 'Cleaner', 3, TRUE);
INSERT INTO user_accounts (ua_username, ua_password, full_name, email, profile_name, profile_id, is_suspended) VALUES ('lsmith', 'K$B4tC3k&G', 'Jeffery Baird', 'jennifershelton@example.net', 'User Admin', 1, FALSE);
INSERT INTO user_accounts (ua_username, ua_password, full_name, email, profile_name, profile_id, is_suspended) VALUES ('jasonterrell', 'q6TGb%)T)P', 'Dan Miller', 'ubailey@example.com', 'Homeowner', 2, FALSE);
INSERT INTO user_accounts (ua_username, ua_password, full_name, email, profile_name, profile_id, is_suspended) VALUES ('melendezrandy', '*01ZqxZo*k', 'Jennifer Barrera', 'joneskathryn@example.net', 'Homeowner', 2, FALSE);
INSERT INTO user_accounts (ua_username, ua_password, full_name, email, profile_name, profile_id, is_suspended) VALUES ('iturner', '8u#Xc$m$%l', 'Judith Joseph', 'everettronald@example.com', 'Homeowner', 2, FALSE);
INSERT INTO user_accounts (ua_username, ua_password, full_name, email, profile_name, profile_id, is_suspended) VALUES ('wspence', '*+7SXJad$^', 'Sharon Watson MD', 'michael98@example.com', 'User Admin', 1, FALSE);
INSERT INTO user_accounts (ua_username, ua_password, full_name, email, profile_name, profile_id, is_suspended) VALUES ('etaylor', 's3RFxO)a^4', 'Derek Riggs', 'whitney99@example.org', 'Homeowner', 2, FALSE);
INSERT INTO user_accounts (ua_username, ua_password, full_name, email, profile_name, profile_id, is_suspended) VALUES ('steven12', 'qSDWoqjv#2', 'Margaret Smith', 'shelby52@example.com', 'Cleaner', 3, FALSE);
INSERT INTO user_accounts (ua_username, ua_password, full_name, email, profile_name, profile_id, is_suspended) VALUES ('eric17', '&3h68GzguD', 'Cody Leonard', 'chloeestrada@example.net', 'Cleaner', 3, FALSE);
INSERT INTO user_accounts (ua_username, ua_password, full_name, email, profile_name, profile_id, is_suspended) VALUES ('jennifer90', '7^1E7lQkVT', 'Debra Anthony', 'justinmiller@example.org', 'Cleaner', 3, FALSE);
INSERT INTO user_accounts (ua_username, ua_password, full_name, email, profile_name, profile_id, is_suspended) VALUES ('jamesschultz', '!ZX4YYAbNA', 'Mindy Harris', 'reeddawn@example.org', 'Homeowner', 2, FALSE);
INSERT INTO user_accounts (ua_username, ua_password, full_name, email, profile_name, profile_id, is_suspended) VALUES ('wwolfe', 'pA%$3Azpu#', 'James Ayala', 'susan25@example.org', 'User Admin', 1, FALSE);
INSERT INTO user_accounts (ua_username, ua_password, full_name, email, profile_name, profile_id, is_suspended) VALUES ('seanrivera', 'av6hCl%s*C', 'Nicholas Edwards', 'wnichols@example.org', 'Platform Management', 4, FALSE);
INSERT INTO user_accounts (ua_username, ua_password, full_name, email, profile_name, profile_id, is_suspended) VALUES ('jmckee', 'ItS5CcOO#a', 'Rebecca Hardy', 'tammyowens@example.com', 'User Admin', 1, FALSE);
INSERT INTO user_accounts (ua_username, ua_password, full_name, email, profile_name, profile_id, is_suspended) VALUES ('johnholden', 'c!k8ZapShB', 'Wayne Barnes', 'morganlaura@example.org', 'Cleaner', 3, FALSE);
INSERT INTO user_accounts (ua_username, ua_password, full_name, email, profile_name, profile_id, is_suspended) VALUES ('lindabean', 'S_Y4D^efjQ', 'Allison Williams', 'wendyguerrero@example.org', 'Cleaner', 3, TRUE);
INSERT INTO user_accounts (ua_username, ua_password, full_name, email, profile_name, profile_id, is_suspended) VALUES ('ochang', '+3j$H#fGsP', 'Barbara David', 'wlove@example.com', 'Platform Management', 4, FALSE);
INSERT INTO user_accounts (ua_username, ua_password, full_name, email, profile_name, profile_id, is_suspended) VALUES ('christopherdunlap', '@i9IZFxjw+', 'Nicholas Marquez', 'andrea42@example.com', 'Cleaner', 3, FALSE);
INSERT INTO user_accounts (ua_username, ua_password, full_name, email, profile_name, profile_id, is_suspended) VALUES ('mmitchell', '%9MDHmrk23', 'Olivia Clark', 'uthompson@example.com', 'Cleaner', 3, FALSE);
INSERT INTO user_accounts (ua_username, ua_password, full_name, email, profile_name, profile_id, is_suspended) VALUES ('josephsmith', '_u52!oKa7@', 'Mr. Jason Wood', 'kwall@example.net', 'User Admin', 1, FALSE);
INSERT INTO user_accounts (ua_username, ua_password, full_name, email, profile_name, profile_id, is_suspended) VALUES ('jenkinsdawn', 'vI$#%6ErJ&', 'Lindsay Dixon', 'robinsonbrenda@example.com', 'User Admin', 1, FALSE);
INSERT INTO user_accounts (ua_username, ua_password, full_name, email, profile_name, profile_id, is_suspended) VALUES ('nelsonsara', 'G#dV%7od(K', 'Brian Pope', 'wbrown@example.com', 'Cleaner', 3, FALSE);
INSERT INTO user_accounts (ua_username, ua_password, full_name, email, profile_name, profile_id, is_suspended) VALUES ('ggreen', '6vwN+ceK^K', 'David Boyd', 'perrymolly@example.net', 'User Admin', 1, FALSE);
INSERT INTO user_accounts (ua_username, ua_password, full_name, email, profile_name, profile_id, is_suspended) VALUES ('christopher92', 'clAf4SNud#', 'Cassandra Zhang', 'keithmelendez@example.com', 'Homeowner', 2, FALSE);
INSERT INTO user_accounts (ua_username, ua_password, full_name, email, profile_name, profile_id, is_suspended) VALUES ('nguyenpamela', '(jRcxmzwR4', 'James Welch', 'fjohnson@example.org', 'Homeowner', 2, FALSE);
INSERT INTO user_accounts (ua_username, ua_password, full_name, email, profile_name, profile_id, is_suspended) VALUES ('robertsondenise', '+uS8KgrI45', 'Jasmine Jones', 'dbean@example.com', 'Homeowner', 2, FALSE);
INSERT INTO user_accounts (ua_username, ua_password, full_name, email, profile_name, profile_id, is_suspended) VALUES ('lisadudley', '(8RB3qCfR0', 'Rachel Shepherd', 'curtiscarolyn@example.net', 'Platform Management', 4, FALSE);
INSERT INTO user_accounts (ua_username, ua_password, full_name, email, profile_name, profile_id, is_suspended) VALUES ('ruizmichelle', ')8MqjSO7Qm', 'Dr. Jared Kerr', 'jgamble@example.net', 'Platform Management', 4, FALSE);
INSERT INTO user_accounts (ua_username, ua_password, full_name, email, profile_name, profile_id, is_suspended) VALUES ('brittany27', '@0k3%S5suq', 'Martha Lawrence', 'laura95@example.com', 'User Admin', 1, FALSE);
INSERT INTO user_accounts (ua_username, ua_password, full_name, email, profile_name, profile_id, is_suspended) VALUES ('elizabethgibson', '%H5YQS*hif', 'Kevin James', 'jessicacook@example.org', 'Platform Management', 4, FALSE);
INSERT INTO user_accounts (ua_username, ua_password, full_name, email, profile_name, profile_id, is_suspended) VALUES ('rebecca82', '5o_4UcFp7^', 'Matthew Gillespie', 'dalenelson@example.com', 'Platform Management', 4, FALSE);
INSERT INTO user_accounts (ua_username, ua_password, full_name, email, profile_name, profile_id, is_suspended) VALUES ('ianderson', '$55UD5HjM9', 'Stephen Houston', 'montgomerycharles@example.org', 'Cleaner', 3, FALSE);
INSERT INTO user_accounts (ua_username, ua_password, full_name, email, profile_name, profile_id, is_suspended) VALUES ('carlrogers', '4V@6nS3x9J', 'Jeffrey Ellis', 'loriscott@example.com', 'User Admin', 1, FALSE);
INSERT INTO user_accounts (ua_username, ua_password, full_name, email, profile_name, profile_id, is_suspended) VALUES ('chelsea45', 'C^tLO8ntJI', 'Nathaniel Wood', 'geoffreyedwards@example.net', 'Homeowner', 2, FALSE);
INSERT INTO user_accounts (ua_username, ua_password, full_name, email, profile_name, profile_id, is_suspended) VALUES ('laurenstewart', 'K1AE@8yo#g', 'George Wood', 'jenniferskinner@example.net', 'Platform Management', 4, FALSE);
INSERT INTO user_accounts (ua_username, ua_password, full_name, email, profile_name, profile_id, is_suspended) VALUES ('thomasscott', '_42WR1tk(C', 'Michael Williams', 'nbarrett@example.com', 'Homeowner', 2, FALSE);
INSERT INTO user_accounts (ua_username, ua_password, full_name, email, profile_name, profile_id, is_suspended) VALUES ('lconner', 'n*8aU^w*6F', 'Christopher Rodriguez', 'monroegrant@example.com', 'User Admin', 1, TRUE);
INSERT INTO user_accounts (ua_username, ua_password, full_name, email, profile_name, profile_id, is_suspended) VALUES ('wsmith', '&D2UYIdZ3r', 'Dr. Javier Lawson II', 'ohansen@example.org', 'Homeowner', 2, FALSE);
INSERT INTO user_accounts (ua_username, ua_password, full_name, email, profile_name, profile_id, is_suspended) VALUES ('garciachristine', '#zjJzDAo3d', 'Michelle Howard', 'craigtodd@example.org', 'Platform Management', 4, FALSE);
INSERT INTO user_accounts (ua_username, ua_password, full_name, email, profile_name, profile_id, is_suspended) VALUES ('miguel30', 'n2)(%9NvNP', 'Frank Mora', 'qpierce@example.net', 'Homeowner', 2, FALSE);
INSERT INTO user_accounts (ua_username, ua_password, full_name, email, profile_name, profile_id, is_suspended) VALUES ('dpham', 'Fu7uHE!3g*', 'Sarah Zimmerman', 'crystalhenry@example.org', 'Platform Management', 4, FALSE);
INSERT INTO user_accounts (ua_username, ua_password, full_name, email, profile_name, profile_id, is_suspended) VALUES ('cassandrahayden', '&8jg14Wt@f', 'Julia Smith', 'ihunt@example.net', 'Cleaner', 3, FALSE);
INSERT INTO user_accounts (ua_username, ua_password, full_name, email, profile_name, profile_id, is_suspended) VALUES ('stevewilliams', '+6cHp&Ez^F', 'Julia Green', 'laurie13@example.com', 'User Admin', 1, FALSE);
INSERT INTO user_accounts (ua_username, ua_password, full_name, email, profile_name, profile_id, is_suspended) VALUES ('hallmiguel', 'g)v5mwKs(%', 'Taylor Hughes', 'iburke@example.com', 'Homeowner', 2, FALSE);
INSERT INTO user_accounts (ua_username, ua_password, full_name, email, profile_name, profile_id, is_suspended) VALUES ('christina12', '2)2Eb*Gd&y', 'Curtis Ortiz', 'markabbott@example.org', 'User Admin', 1, FALSE);
INSERT INTO user_accounts (ua_username, ua_password, full_name, email, profile_name, profile_id, is_suspended) VALUES ('kimberly19', 'VH4_vOh&$A', 'Holly Lewis', 'dcollins@example.com', 'User Admin', 1, FALSE);
INSERT INTO user_accounts (ua_username, ua_password, full_name, email, profile_name, profile_id, is_suspended) VALUES ('changmartin', 'd_L_T2V*iy', 'Michael Kennedy', 'todd72@example.com', 'Homeowner', 2, FALSE);
INSERT INTO user_accounts (ua_username, ua_password, full_name, email, profile_name, profile_id, is_suspended) VALUES ('oliviadyer', 'q0gULOLa#6', 'Laura Lawson', 'morrowandrea@example.com', 'Cleaner', 3, FALSE);
INSERT INTO user_accounts (ua_username, ua_password, full_name, email, profile_name, profile_id, is_suspended) VALUES ('glove', 'i4TiZsFq@1', 'Jason Howard', 'drew97@example.org', 'Platform Management', 4, FALSE);
INSERT INTO user_accounts (ua_username, ua_password, full_name, email, profile_name, profile_id, is_suspended) VALUES ('briana26', 'P!uf8LHo2^', 'Andrew Miller', 'todd46@example.net', 'Cleaner', 3, TRUE);
INSERT INTO user_accounts (ua_username, ua_password, full_name, email, profile_name, profile_id, is_suspended) VALUES ('mitchellthomas', ')hKR5fLNX3', 'Ryan Rogers', 'rharris@example.org', 'Homeowner', 2, FALSE);
INSERT INTO user_accounts (ua_username, ua_password, full_name, email, profile_name, profile_id, is_suspended) VALUES ('wyattjohn', 'Gq0esO^bx_', 'Jordan Davis', 'kmartinez@example.org', 'Cleaner', 3, FALSE);
INSERT INTO user_accounts (ua_username, ua_password, full_name, email, profile_name, profile_id, is_suspended) VALUES ('knightjoan', '+PGoj)cc4(', 'Veronica Harris', 'derek31@example.org', 'Platform Management', 4, FALSE);
INSERT INTO user_accounts (ua_username, ua_password, full_name, email, profile_name, profile_id, is_suspended) VALUES ('paulclark', 'Q%S%8AApCk', 'Timothy Holt', 'amandahuerta@example.org', 'User Admin', 1, FALSE);
INSERT INTO user_accounts (ua_username, ua_password, full_name, email, profile_name, profile_id, is_suspended) VALUES ('nolanjessica', '_N5eQfY^w&', 'Michael Thompson', 'webbkristine@example.org', 'Homeowner', 2, FALSE);
INSERT INTO user_accounts (ua_username, ua_password, full_name, email, profile_name, profile_id, is_suspended) VALUES ('christina63', '$7%A8NLlci', 'Patricia Lynch', 'linda86@example.net', 'Homeowner', 2, FALSE);
INSERT INTO user_accounts (ua_username, ua_password, full_name, email, profile_name, profile_id, is_suspended) VALUES ('hthompson', '%^7*Qu5kUH', 'Michael Martinez', 'sanchezcarolyn@example.net', 'Platform Management', 4, FALSE);
INSERT INTO user_accounts (ua_username, ua_password, full_name, email, profile_name, profile_id, is_suspended) VALUES ('francisco72', 'JE6sMPQaI#', 'Steven Cohen', 'jperry@example.org', 'Cleaner', 3, FALSE);
INSERT INTO user_accounts (ua_username, ua_password, full_name, email, profile_name, profile_id, is_suspended) VALUES ('nwatson', '#1m0FeOj21', 'William Vargas', 'hcarrillo@example.net', 'Cleaner', 3, FALSE);
INSERT INTO user_accounts (ua_username, ua_password, full_name, email, profile_name, profile_id, is_suspended) VALUES ('carolyntaylor', 'wz&C0Fjzi(', 'Miranda Mcpherson', 'kevinalexander@example.com', 'Homeowner', 2, TRUE);
INSERT INTO user_accounts (ua_username, ua_password, full_name, email, profile_name, profile_id, is_suspended) VALUES ('drewkennedy', 'UbHSRG1v#1', 'Joshua Wilson', 'john83@example.net', 'User Admin', 1, FALSE);
INSERT INTO user_accounts (ua_username, ua_password, full_name, email, profile_name, profile_id, is_suspended) VALUES ('gandrews', '@G^u8YTbow', 'Patricia Jones', 'susan60@example.org', 'Homeowner', 2, FALSE);
INSERT INTO user_accounts (ua_username, ua_password, full_name, email, profile_name, profile_id, is_suspended) VALUES ('dmoran', 'p95tiSQh!w', 'Mark Powers', 'barnettsteven@example.org', 'Platform Management', 4, FALSE);
INSERT INTO user_accounts (ua_username, ua_password, full_name, email, profile_name, profile_id, is_suspended) VALUES ('efisher', 'H1(4CHgj6%', 'Michael Hunt', 'ericrose@example.com', 'Platform Management', 4, FALSE);
INSERT INTO user_accounts (ua_username, ua_password, full_name, email, profile_name, profile_id, is_suspended) VALUES ('molinashawn', 'Md&PdN66_0', 'Stephen Bell', 'justindavis@example.net', 'Cleaner', 3, FALSE);
INSERT INTO user_accounts (ua_username, ua_password, full_name, email, profile_name, profile_id, is_suspended) VALUES ('jennifer79', '367ux9Sbt#', 'Travis Sloan', 'mccallmichelle@example.net', 'Cleaner', 3, FALSE);
INSERT INTO user_accounts (ua_username, ua_password, full_name, email, profile_name, profile_id, is_suspended) VALUES ('michaelwells', ')BvVn5HgD9', 'Susan Juarez', 'edixon@example.net', 'Homeowner', 2, FALSE);
INSERT INTO user_accounts (ua_username, ua_password, full_name, email, profile_name, profile_id, is_suspended) VALUES ('huntermaria', '$f5uV$emFA', 'Monica Jackson', 'anna71@example.org', 'Cleaner', 3, FALSE);
INSERT INTO user_accounts (ua_username, ua_password, full_name, email, profile_name, profile_id, is_suspended) VALUES ('sarah87', 'T@7H)Gkig(', 'Belinda Bell', 'stephen39@example.org', 'Platform Management', 4, FALSE);
INSERT INTO user_accounts (ua_username, ua_password, full_name, email, profile_name, profile_id, is_suspended) VALUES ('arobinson', 'm9KO!nlX)I', 'Steven Hill', 'monica15@example.com', 'Cleaner', 3, FALSE);
INSERT INTO user_accounts (ua_username, ua_password, full_name, email, profile_name, profile_id, is_suspended) VALUES ('richard82', '!$0DYdFv6U', 'Maria Riley', 'lnguyen@example.com', 'Cleaner', 3, FALSE);
INSERT INTO user_accounts (ua_username, ua_password, full_name, email, profile_name, profile_id, is_suspended) VALUES ('nicole72', 'Uo44DGjd_5', 'Roger Ellis', 'rowejoseph@example.net', 'User Admin', 1, FALSE);
INSERT INTO user_accounts (ua_username, ua_password, full_name, email, profile_name, profile_id, is_suspended) VALUES ('mjones', '_AkW)Ib)P3', 'Megan Bryant', 'johnwhite@example.net', 'Homeowner', 2, FALSE);
INSERT INTO user_accounts (ua_username, ua_password, full_name, email, profile_name, profile_id, is_suspended) VALUES ('catherinelewis', 'poB9OP%d)1', 'Karen Douglas', 'rollinsjeanette@example.net', 'Platform Management', 4, FALSE);
INSERT INTO user_accounts (ua_username, ua_password, full_name, email, profile_name, profile_id, is_suspended) VALUES ('ellisonkathleen', 'cp2!4Hw$fe', 'Jeffrey Williams', 'jeffrey18@example.net', 'Platform Management', 4, FALSE);
INSERT INTO user_accounts (ua_username, ua_password, full_name, email, profile_name, profile_id, is_suspended) VALUES ('heatherthompson', 'K2WYgTJq%7', 'Lauren Spears', 'qmoore@example.net', 'Platform Management', 4, FALSE);
INSERT INTO user_accounts (ua_username, ua_password, full_name, email, profile_name, profile_id, is_suspended) VALUES ('bensondylan', 'h%2Q78v5_l', 'Diane Romero', 'hamiltongina@example.org', 'User Admin', 1, TRUE);
INSERT INTO user_accounts (ua_username, ua_password, full_name, email, profile_name, profile_id, is_suspended) VALUES ('carterjason', 'Ko_6viApUQ', 'Kimberly Potts', 'fquinn@example.com', 'User Admin', 1, FALSE);
INSERT INTO user_accounts (ua_username, ua_password, full_name, email, profile_name, profile_id, is_suspended) VALUES ('georgepenny', 'U+8Z7%Ny*F', 'Benjamin Rhodes', 'ncampbell@example.org', 'Platform Management', 4, FALSE);
INSERT INTO user_accounts (ua_username, ua_password, full_name, email, profile_name, profile_id, is_suspended) VALUES ('christinaadams', 'F2(34G$e$H', 'Steven Sheppard', 'evansjessica@example.com', 'User Admin', 1, FALSE);
INSERT INTO user_accounts (ua_username, ua_password, full_name, email, profile_name, profile_id, is_suspended) VALUES ('mary44', 'r%2UAump2@', 'Brian Snyder', 'ksanford@example.net', 'User Admin', 1, FALSE);
INSERT INTO user_accounts (ua_username, ua_password, full_name, email, profile_name, profile_id, is_suspended) VALUES ('shannonwyatt', 'W7Z%bp^6&e', 'Valerie Lee', 'zfoster@example.org', 'User Admin', 1, FALSE);
INSERT INTO user_accounts (ua_username, ua_password, full_name, email, profile_name, profile_id, is_suspended) VALUES ('chloe96', '8*607DvZ6Z', 'Michelle Carroll', 'vancegrace@example.com', 'Platform Management', 4, FALSE);
INSERT INTO user_accounts (ua_username, ua_password, full_name, email, profile_name, profile_id, is_suspended) VALUES ('cayala', '(32cMlDrhQ', 'Courtney Vazquez', 'ashley59@example.net', 'Cleaner', 3, FALSE);
INSERT INTO user_accounts (ua_username, ua_password, full_name, email, profile_name, profile_id, is_suspended) VALUES ('kfisher', '&0)2V7xX3O', 'Jessica Curtis', 'lburns@example.com', 'Platform Management', 4, FALSE);
INSERT INTO user_accounts (ua_username, ua_password, full_name, email, profile_name, profile_id, is_suspended) VALUES ('jenniferkrause', '_AUYbM_tV2', 'Danielle Watkins', 'dianarichmond@example.org', 'Homeowner', 2, FALSE);
INSERT INTO user_accounts (ua_username, ua_password, full_name, email, profile_name, profile_id, is_suspended) VALUES ('jason84', '!5+kVUv26C', 'Timothy Todd', 'jessica71@example.com', 'Cleaner', 3, FALSE);
INSERT INTO user_accounts (ua_username, ua_password, full_name, email, profile_name, profile_id, is_suspended) VALUES ('pevans', '+@J9At1zBh', 'Wayne Brown', 'rhonda03@example.net', 'Cleaner', 3, FALSE);
INSERT INTO user_accounts (ua_username, ua_password, full_name, email, profile_name, profile_id, is_suspended) VALUES ('nprice', 'Cmka+V*d_7', 'April Hodges', 'dewing@example.org', 'Homeowner', 2, TRUE);
INSERT INTO user_accounts (ua_username, ua_password, full_name, email, profile_name, profile_id, is_suspended) VALUES ('wkeller', 'sbZ94MjT!&', 'Carol Smith', 'snguyen@example.com', 'Cleaner', 3, FALSE);
INSERT INTO cleaner_services (cleaner_account_id, category_id, title, description, price, availability, is_suspended, created_at, updated_at) VALUES (3, 2, 'Move-in/Move-out Package', 'Regular office cleaning including workspaces, restrooms, and common areas.', 187.22, 'Mon-Fri 8am-12pm', FALSE, '2025-05-11 01:27:54', '2025-05-11 01:27:54');
INSERT INTO cleaner_services (cleaner_account_id, category_id, title, description, price, availability, is_suspended, created_at, updated_at) VALUES (3, 1, 'Post-Construction Cleanup', 'High-pressure cleaning for driveways, patios, and exterior walls.', 72.73, 'Mon, Wed, Fri 1pm-6pm', FALSE, '2025-05-07 18:52:50', '2025-05-07 18:52:50');
INSERT INTO cleaner_services (cleaner_account_id, category_id, title, description, price, availability, is_suspended, created_at, updated_at) VALUES (6, 7, 'Window Shine', 'Fast and efficient cleaning for apartments.', 221.64, 'Weekends 9am-5pm', FALSE, '2025-04-15 03:01:43', '2025-04-15 03:01:43');
INSERT INTO cleaner_services (cleaner_account_id, category_id, title, description, price, availability, is_suspended, created_at, updated_at) VALUES (8, 9, 'Post-Construction Cleanup', 'High-pressure cleaning for driveways, patios, and exterior walls.', 120.81, 'Sat 9am-3pm', FALSE, '2025-04-24 08:12:56', '2025-04-24 08:12:56');
INSERT INTO cleaner_services (cleaner_account_id, category_id, title, description, price, availability, is_suspended, created_at, updated_at) VALUES (8, 1, 'Deep Spring Cleaning', 'High-pressure cleaning for driveways, patios, and exterior walls.', 189.5, 'Mon-Fri 8am-12pm', FALSE, '2025-04-15 12:56:32', '2025-04-15 12:56:32');
INSERT INTO cleaner_services (cleaner_account_id, category_id, title, description, price, availability, is_suspended, created_at, updated_at) VALUES (8, 1, 'Carpet Refresh', 'Steam cleaning for sofas, chairs, and other furniture.', 109.33, 'Weekends 10am-4pm', FALSE, '2025-05-04 00:10:58', '2025-05-04 00:10:58');
INSERT INTO cleaner_services (cleaner_account_id, category_id, title, description, price, availability, is_suspended, created_at, updated_at) VALUES (15, 4, 'Deep Clean Deluxe', 'Intensive cleaning including appliances, baseboards, and hard-to-reach areas.', 115.56, 'Weekends 10am-4pm', FALSE, '2025-04-29 02:27:59', '2025-04-29 02:27:59');
INSERT INTO cleaner_services (cleaner_account_id, category_id, title, description, price, availability, is_suspended, created_at, updated_at) VALUES (22, 9, 'Upholstery Cleaning', 'Stain removal and deep carpet cleaning.', 181.47, 'Weekends 10am-4pm', FALSE, '2025-04-25 20:10:05', '2025-04-25 20:10:05');
INSERT INTO cleaner_services (cleaner_account_id, category_id, title, description, price, availability, is_suspended, created_at, updated_at) VALUES (22, 5, 'Window Shine', 'Regular office cleaning including workspaces, restrooms, and common areas.', 209.01, 'Sat 10am-2pm', FALSE, '2025-05-10 07:29:17', '2025-05-10 07:29:17');
INSERT INTO cleaner_services (cleaner_account_id, category_id, title, description, price, availability, is_suspended, created_at, updated_at) VALUES (22, 6, 'Upholstery Cleaning', 'Move-out cleaning with attention to detail.', 143.67, 'By appointment', FALSE, '2025-05-03 12:42:04', '2025-05-03 12:42:04');
INSERT INTO cleaner_services (cleaner_account_id, category_id, title, description, price, availability, is_suspended, created_at, updated_at) VALUES (23, 1, 'Deep Spring Cleaning', 'Interior and exterior window cleaning for homes up to 2 stories.', 126.72, 'By appointment', FALSE, '2025-04-13 18:11:59', '2025-04-13 18:11:59');
INSERT INTO cleaner_services (cleaner_account_id, category_id, title, description, price, availability, is_suspended, created_at, updated_at) VALUES (23, 6, 'Move-Out Special', 'Removal of dust and debris after renovation or construction work.', 136.69, 'Sat-Sun 8am-12pm', FALSE, '2025-05-02 02:28:04', '2025-05-02 02:28:04');
INSERT INTO cleaner_services (cleaner_account_id, category_id, title, description, price, availability, is_suspended, created_at, updated_at) VALUES (24, 1, 'Upholstery Cleaning', 'Regular office cleaning including workspaces, restrooms, and common areas.', 64.16, 'Mon-Fri 6pm-10pm', FALSE, '2025-05-02 05:59:43', '2025-05-02 05:59:43');
INSERT INTO cleaner_services (cleaner_account_id, category_id, title, description, price, availability, is_suspended, created_at, updated_at) VALUES (24, 4, 'Carpet Rescue', 'Regular office cleaning including workspaces, restrooms, and common areas.', 61.18, 'Mon-Fri 6pm-10pm', FALSE, '2025-05-10 13:08:13', '2025-05-10 13:08:13');
INSERT INTO cleaner_services (cleaner_account_id, category_id, title, description, price, availability, is_suspended, created_at, updated_at) VALUES (24, 6, 'Post-Construction Cleanup', 'Professional carpet shampooing and stain removal for up to 3 rooms.', 232.01, 'Mon-Fri 6pm-10pm', FALSE, '2025-04-21 21:09:51', '2025-04-21 21:09:51');
INSERT INTO cleaner_services (cleaner_account_id, category_id, title, description, price, availability, is_suspended, created_at, updated_at) VALUES (29, 7, 'Carpet Refresh', 'Thorough cleaning of all rooms, dusting, vacuuming, and mopping.', 47.23, 'Sat 9am-3pm', FALSE, '2025-05-09 01:45:08', '2025-05-09 01:45:08');
INSERT INTO cleaner_services (cleaner_account_id, category_id, title, description, price, availability, is_suspended, created_at, updated_at) VALUES (29, 9, 'Post-Construction Cleanup', 'Interior and exterior window cleaning for homes up to 2 stories.', 203.22, 'Fri 2pm-6pm', FALSE, '2025-04-20 01:43:49', '2025-04-20 01:43:49');
INSERT INTO cleaner_services (cleaner_account_id, category_id, title, description, price, availability, is_suspended, created_at, updated_at) VALUES (30, 5, 'Deep Spring Cleaning', 'Professional window cleaning for homes.', 141.22, 'Fri 2pm-6pm', FALSE, '2025-04-24 04:30:33', '2025-04-24 04:30:33');
INSERT INTO cleaner_services (cleaner_account_id, category_id, title, description, price, availability, is_suspended, created_at, updated_at) VALUES (32, 4, 'Quick Home Clean', 'Fast and efficient cleaning for apartments.', 41.36, 'Mon-Fri 6pm-10pm', FALSE, '2025-04-15 23:07:30', '2025-04-15 23:07:30');
INSERT INTO cleaner_services (cleaner_account_id, category_id, title, description, price, availability, is_suspended, created_at, updated_at) VALUES (32, 2, 'Deep Clean Deluxe', 'High-pressure cleaning for driveways, patios, and exterior walls.', 101.19, 'Flexible', FALSE, '2025-04-24 12:10:56', '2025-04-24 12:10:56');
INSERT INTO cleaner_services (cleaner_account_id, category_id, title, description, price, availability, is_suspended, created_at, updated_at) VALUES (32, 2, 'Deep Spring Cleaning', 'Move-out cleaning with attention to detail.', 104.46, 'Mon-Fri 8am-12pm', FALSE, '2025-05-04 14:29:07', '2025-05-04 14:29:07');
INSERT INTO cleaner_services (cleaner_account_id, category_id, title, description, price, availability, is_suspended, created_at, updated_at) VALUES (33, 3, 'Carpet Refresh', 'Steam cleaning for sofas, chairs, and other furniture.', 152.38, 'Weekends 9am-5pm', FALSE, '2025-05-03 08:37:27', '2025-05-03 08:37:27');
INSERT INTO cleaner_services (cleaner_account_id, category_id, title, description, price, availability, is_suspended, created_at, updated_at) VALUES (36, 1, 'Quick Home Clean', 'Removal of dust and debris after renovation or construction work.', 83.86, 'Mon-Fri 8am-12pm', TRUE, '2025-04-22 12:42:30', '2025-04-22 12:42:30');
INSERT INTO cleaner_services (cleaner_account_id, category_id, title, description, price, availability, is_suspended, created_at, updated_at) VALUES (36, 1, 'Standard Home Cleaning', 'Professional window cleaning for homes.', 76.73, 'Mon, Wed, Fri 1pm-6pm', FALSE, '2025-04-24 18:40:22', '2025-04-24 18:40:22');
INSERT INTO cleaner_services (cleaner_account_id, category_id, title, description, price, availability, is_suspended, created_at, updated_at) VALUES (46, 5, 'Move-in/Move-out Package', 'Intensive cleaning including appliances, baseboards, and hard-to-reach areas.', 78.29, 'Mon-Fri 6pm-10pm', FALSE, '2025-05-03 07:17:00', '2025-05-03 07:17:00');
INSERT INTO cleaner_services (cleaner_account_id, category_id, title, description, price, availability, is_suspended, created_at, updated_at) VALUES (46, 3, 'Carpet Rescue', 'Fast and efficient cleaning for apartments.', 247.86, 'Sat-Sun 8am-12pm', FALSE, '2025-04-19 17:30:40', '2025-04-19 17:30:40');
INSERT INTO cleaner_services (cleaner_account_id, category_id, title, description, price, availability, is_suspended, created_at, updated_at) VALUES (46, 4, 'Move-Out Special', 'High-pressure cleaning for driveways, patios, and exterior walls.', 156.7, 'Flexible', FALSE, '2025-04-13 05:50:31', '2025-04-13 05:50:31');
INSERT INTO cleaner_services (cleaner_account_id, category_id, title, description, price, availability, is_suspended, created_at, updated_at) VALUES (56, 7, 'Carpet Rescue', 'Steam cleaning for sofas, chairs, and other furniture.', 42.43, 'Fri 2pm-6pm', FALSE, '2025-04-12 22:27:53', '2025-04-12 22:27:53');
INSERT INTO cleaner_services (cleaner_account_id, category_id, title, description, price, availability, is_suspended, created_at, updated_at) VALUES (62, 1, 'Move-Out Special', 'Cleaning after construction or renovation.', 61.58, 'Flexible', FALSE, '2025-05-03 15:53:01', '2025-05-03 15:53:01');
INSERT INTO cleaner_services (cleaner_account_id, category_id, title, description, price, availability, is_suspended, created_at, updated_at) VALUES (64, 9, 'Move-Out Special', 'Cleaning after construction or renovation.', 176.62, 'Mon, Wed, Fri 1pm-6pm', FALSE, '2025-04-12 09:48:41', '2025-04-12 09:48:41');
INSERT INTO cleaner_services (cleaner_account_id, category_id, title, description, price, availability, is_suspended, created_at, updated_at) VALUES (64, 9, 'Carpet Refresh', 'Move-out cleaning with attention to detail.', 140.89, 'Weekends 10am-4pm', FALSE, '2025-05-04 21:31:44', '2025-05-04 21:31:44');
INSERT INTO cleaner_services (cleaner_account_id, category_id, title, description, price, availability, is_suspended, created_at, updated_at) VALUES (66, 8, 'Office Shine', 'High-pressure cleaning for driveways, patios, and exterior walls.', 140.15, 'Weekends 10am-4pm', FALSE, '2025-05-07 11:36:01', '2025-05-07 11:36:01');
INSERT INTO cleaner_services (cleaner_account_id, category_id, title, description, price, availability, is_suspended, created_at, updated_at) VALUES (66, 4, 'Carpet Refresh', 'Thorough cleaning of all rooms, dusting, vacuuming, and mopping.', 65.19, 'Mon-Fri 6pm-10pm', FALSE, '2025-04-22 15:54:15', '2025-04-22 15:54:15');
INSERT INTO cleaner_services (cleaner_account_id, category_id, title, description, price, availability, is_suspended, created_at, updated_at) VALUES (72, 6, 'Post-Construction Cleanup', 'Professional window cleaning for homes.', 204.34, 'Mon, Wed, Fri 1pm-6pm', FALSE, '2025-04-30 04:26:23', '2025-04-30 04:26:23');
INSERT INTO cleaner_services (cleaner_account_id, category_id, title, description, price, availability, is_suspended, created_at, updated_at) VALUES (72, 5, 'Deep Clean Deluxe', 'Cleaning after construction or renovation.', 159.34, 'Sat 9am-3pm', FALSE, '2025-04-18 21:21:07', '2025-04-18 21:21:07');
INSERT INTO cleaner_services (cleaner_account_id, category_id, title, description, price, availability, is_suspended, created_at, updated_at) VALUES (72, 8, 'Office Shine', 'Steam cleaning for sofas, chairs, and other furniture.', 232.39, 'Mon-Fri 8am-12pm', TRUE, '2025-04-18 14:52:32', '2025-04-18 14:52:32');
INSERT INTO cleaner_services (cleaner_account_id, category_id, title, description, price, availability, is_suspended, created_at, updated_at) VALUES (73, 3, 'Move-Out Special', 'Thorough cleaning of all rooms, dusting, vacuuming, and mopping.', 59.06, 'Mon, Wed, Fri 1pm-6pm', TRUE, '2025-04-25 08:40:22', '2025-04-25 08:40:22');
INSERT INTO cleaner_services (cleaner_account_id, category_id, title, description, price, availability, is_suspended, created_at, updated_at) VALUES (73, 8, 'Deep Clean Deluxe', 'Complete cleaning for moving in or out, including inside cabinets and appliances.', 54.08, 'Weekends 9am-5pm', FALSE, '2025-05-01 15:05:42', '2025-05-01 15:05:42');
INSERT INTO cleaner_services (cleaner_account_id, category_id, title, description, price, availability, is_suspended, created_at, updated_at) VALUES (73, 2, 'Post-Reno Cleanup', 'Steam cleaning for sofas, chairs, and other furniture.', 82.1, 'Mon, Wed, Fri 1pm-6pm', FALSE, '2025-04-17 00:01:10', '2025-04-17 00:01:10');
INSERT INTO cleaner_services (cleaner_account_id, category_id, title, description, price, availability, is_suspended, created_at, updated_at) VALUES (79, 2, 'Driveway Pressure Washing', 'Move-out cleaning with attention to detail.', 136.99, 'Mon-Fri 8am-12pm', FALSE, '2025-05-10 23:31:55', '2025-05-10 23:31:55');
INSERT INTO cleaner_services (cleaner_account_id, category_id, title, description, price, availability, is_suspended, created_at, updated_at) VALUES (79, 1, 'Quick Home Clean', 'Intensive cleaning including appliances, baseboards, and hard-to-reach areas.', 182.52, 'Mon-Fri 8am-12pm', FALSE, '2025-05-07 11:02:55', '2025-05-07 11:02:55');
INSERT INTO cleaner_services (cleaner_account_id, category_id, title, description, price, availability, is_suspended, created_at, updated_at) VALUES (80, 3, 'Standard Home Cleaning', 'Thorough cleaning of all rooms, dusting, vacuuming, and mopping.', 84.69, 'Sat-Sun 8am-12pm', FALSE, '2025-04-18 15:03:42', '2025-04-18 15:03:42');
INSERT INTO cleaner_services (cleaner_account_id, category_id, title, description, price, availability, is_suspended, created_at, updated_at) VALUES (82, 4, 'Post-Reno Cleanup', 'Intensive cleaning including appliances, baseboards, and hard-to-reach areas.', 222.73, 'Tue, Thu 10am-2pm', FALSE, '2025-04-18 07:57:00', '2025-04-18 07:57:00');
INSERT INTO cleaner_services (cleaner_account_id, category_id, title, description, price, availability, is_suspended, created_at, updated_at) VALUES (82, 2, 'Deep Spring Cleaning', 'Removal of dust and debris after renovation or construction work.', 125.74, 'Flexible', FALSE, '2025-05-08 06:13:41', '2025-05-08 06:13:41');
INSERT INTO cleaner_services (cleaner_account_id, category_id, title, description, price, availability, is_suspended, created_at, updated_at) VALUES (84, 9, 'Deep Clean Deluxe', 'Professional carpet shampooing and stain removal for up to 3 rooms.', 97.27, 'Mon-Fri 6pm-10pm', FALSE, '2025-05-04 22:12:37', '2025-05-04 22:12:37');
INSERT INTO cleaner_services (cleaner_account_id, category_id, title, description, price, availability, is_suspended, created_at, updated_at) VALUES (84, 1, 'Move-Out Special', 'Steam cleaning for sofas, chairs, and other furniture.', 112.22, 'Weekends 10am-4pm', TRUE, '2025-04-22 19:29:36', '2025-04-22 19:29:36');
INSERT INTO cleaner_services (cleaner_account_id, category_id, title, description, price, availability, is_suspended, created_at, updated_at) VALUES (84, 3, 'Carpet Rescue', 'Wash, dry, fold, and delivery service for weekly laundry.', 207.57, 'Mon, Wed, Fri 1pm-6pm', FALSE, '2025-05-11 20:43:19', '2025-05-11 20:43:19');
INSERT INTO cleaner_services (cleaner_account_id, category_id, title, description, price, availability, is_suspended, created_at, updated_at) VALUES (85, 8, 'Quick Home Clean', 'Move-out cleaning with attention to detail.', 81.26, 'Mon-Fri 6pm-10pm', FALSE, '2025-05-04 01:29:20', '2025-05-04 01:29:20');
INSERT INTO cleaner_services (cleaner_account_id, category_id, title, description, price, availability, is_suspended, created_at, updated_at) VALUES (85, 9, 'Driveway Pressure Washing', 'Wash, dry, fold, and delivery service for weekly laundry.', 246.76, 'Mon-Fri 8am-12pm', FALSE, '2025-05-03 06:46:43', '2025-05-03 06:46:43');
INSERT INTO cleaner_services (cleaner_account_id, category_id, title, description, price, availability, is_suspended, created_at, updated_at) VALUES (98, 3, 'Laundry Pickup & Delivery', 'Steam cleaning for sofas, chairs, and other furniture.', 185.69, 'Sat-Sun 8am-12pm', FALSE, '2025-04-18 10:42:54', '2025-04-18 10:42:54');
INSERT INTO cleaner_services (cleaner_account_id, category_id, title, description, price, availability, is_suspended, created_at, updated_at) VALUES (101, 2, 'Post-Construction Cleanup', 'Move-out cleaning with attention to detail.', 165.06, 'Weekends 10am-4pm', FALSE, '2025-05-09 03:33:27', '2025-05-09 03:33:27');
INSERT INTO cleaner_services (cleaner_account_id, category_id, title, description, price, availability, is_suspended, created_at, updated_at) VALUES (102, 9, 'Standard Home Cleaning', 'Fast and efficient cleaning for apartments.', 195.11, 'Mon, Wed, Fri 1pm-6pm', FALSE, '2025-04-20 14:24:28', '2025-04-20 14:24:28');
INSERT INTO cleaner_services (cleaner_account_id, category_id, title, description, price, availability, is_suspended, created_at, updated_at) VALUES (102, 5, 'Carpet Refresh', 'Cleaning after construction or renovation.', 171.85, 'Sat 10am-2pm', FALSE, '2025-05-10 13:00:29', '2025-05-10 13:00:29');
INSERT INTO cleaner_services (cleaner_account_id, category_id, title, description, price, availability, is_suspended, created_at, updated_at) VALUES (102, 1, 'Post-Reno Cleanup', 'Comprehensive deep cleaning for large homes.', 221.75, 'Tue, Thu 10am-2pm', FALSE, '2025-04-29 14:47:12', '2025-04-29 14:47:12');
INSERT INTO cleaner_services (cleaner_account_id, category_id, title, description, price, availability, is_suspended, created_at, updated_at) VALUES (104, 3, 'Move-in/Move-out Package', 'High-pressure cleaning for driveways, patios, and exterior walls.', 123.24, 'Flexible', FALSE, '2025-04-15 11:18:52', '2025-04-15 11:18:52');
INSERT INTO cleaner_services (cleaner_account_id, category_id, title, description, price, availability, is_suspended, created_at, updated_at) VALUES (104, 6, 'Move-Out Special', 'Removal of dust and debris after renovation or construction work.', 229.15, 'Sat 9am-3pm', TRUE, '2025-04-17 00:35:00', '2025-04-17 00:35:00');
INSERT INTO service_views (service_id, viewed_at, viewer_account_id) VALUES (20, '2025-05-05 03:24:23', 87);
INSERT INTO service_views (service_id, viewed_at, viewer_account_id) VALUES (31, '2025-04-29 17:43:26', 50);
INSERT INTO service_views (service_id, viewed_at, viewer_account_id) VALUES (19, '2025-04-23 03:42:33', 74);
INSERT INTO service_views (service_id, viewed_at, viewer_account_id) VALUES (6, '2025-04-29 00:54:41', 25);
INSERT INTO service_views (service_id, viewed_at, viewer_account_id) VALUES (1, '2025-05-09 21:07:40', 10);
INSERT INTO service_views (service_id, viewed_at, viewer_account_id) VALUES (29, '2025-04-16 09:52:15', 38);
INSERT INTO service_views (service_id, viewed_at, viewer_account_id) VALUES (44, '2025-04-13 03:00:48', 17);
INSERT INTO service_views (service_id, viewed_at, viewer_account_id) VALUES (49, '2025-04-18 15:26:16', 81);
INSERT INTO service_views (service_id, viewed_at, viewer_account_id) VALUES (8, '2025-04-18 14:23:28', 76);
INSERT INTO service_views (service_id, viewed_at, viewer_account_id) VALUES (43, '2025-05-06 23:07:15', 21);
INSERT INTO service_views (service_id, viewed_at, viewer_account_id) VALUES (25, '2025-05-10 07:08:29', 103);
INSERT INTO service_views (service_id, viewed_at, viewer_account_id) VALUES (47, '2025-04-14 12:36:28', 70);
INSERT INTO service_views (service_id, viewed_at, viewer_account_id) VALUES (32, '2025-04-18 02:35:51', 18);
INSERT INTO service_views (service_id, viewed_at, viewer_account_id) VALUES (16, '2025-04-26 11:48:17', 39);
INSERT INTO service_views (service_id, viewed_at, viewer_account_id) VALUES (36, '2025-05-10 04:34:47', 12);
INSERT INTO service_views (service_id, viewed_at, viewer_account_id) VALUES (18, '2025-04-22 13:12:33', 50);
INSERT INTO service_views (service_id, viewed_at, viewer_account_id) VALUES (47, '2025-04-13 15:17:30', 48);
INSERT INTO service_views (service_id, viewed_at, viewer_account_id) VALUES (38, '2025-05-04 03:01:45', 25);
INSERT INTO service_views (service_id, viewed_at, viewer_account_id) VALUES (24, '2025-04-19 16:21:21', 74);
INSERT INTO service_views (service_id, viewed_at, viewer_account_id) VALUES (22, '2025-04-22 00:37:18', 69);
INSERT INTO service_views (service_id, viewed_at, viewer_account_id) VALUES (31, '2025-04-16 23:36:18', 39);
INSERT INTO service_views (service_id, viewed_at, viewer_account_id) VALUES (53, '2025-04-18 23:04:34', 19);
INSERT INTO service_views (service_id, viewed_at, viewer_account_id) VALUES (18, '2025-04-16 01:08:12', 87);
INSERT INTO service_views (service_id, viewed_at, viewer_account_id) VALUES (47, '2025-04-27 15:59:22', 69);
INSERT INTO service_views (service_id, viewed_at, viewer_account_id) VALUES (38, '2025-04-28 10:21:42', 65);
INSERT INTO service_views (service_id, viewed_at, viewer_account_id) VALUES (47, '2025-05-05 19:41:05', 2);
INSERT INTO service_views (service_id, viewed_at, viewer_account_id) VALUES (50, '2025-04-16 15:50:11', 76);
INSERT INTO service_views (service_id, viewed_at, viewer_account_id) VALUES (5, '2025-05-03 12:32:35', 81);
INSERT INTO service_views (service_id, viewed_at, viewer_account_id) VALUES (44, '2025-04-18 03:55:43', 87);
INSERT INTO service_views (service_id, viewed_at, viewer_account_id) VALUES (29, '2025-04-13 02:04:58', 69);
INSERT INTO service_views (service_id, viewed_at, viewer_account_id) VALUES (55, '2025-04-20 06:04:56', 81);
INSERT INTO service_views (service_id, viewed_at, viewer_account_id) VALUES (48, '2025-04-24 08:23:00', 65);
INSERT INTO service_views (service_id, viewed_at, viewer_account_id) VALUES (23, '2025-04-21 01:02:30', 65);
INSERT INTO service_views (service_id, viewed_at, viewer_account_id) VALUES (54, '2025-05-04 08:42:52', 58);
INSERT INTO service_views (service_id, viewed_at, viewer_account_id) VALUES (56, '2025-05-09 09:29:54', 76);
INSERT INTO service_views (service_id, viewed_at, viewer_account_id) VALUES (49, '2025-04-12 07:22:13', 12);
INSERT INTO service_views (service_id, viewed_at, viewer_account_id) VALUES (31, '2025-04-15 17:58:10', 70);
INSERT INTO service_views (service_id, viewed_at, viewer_account_id) VALUES (55, '2025-04-12 10:20:21', 39);
INSERT INTO service_views (service_id, viewed_at, viewer_account_id) VALUES (34, '2025-04-14 06:13:08', 52);
INSERT INTO service_views (service_id, viewed_at, viewer_account_id) VALUES (21, '2025-04-22 13:53:12', 52);
INSERT INTO service_views (service_id, viewed_at, viewer_account_id) VALUES (8, '2025-05-07 15:04:34', 50);
INSERT INTO service_views (service_id, viewed_at, viewer_account_id) VALUES (44, '2025-05-07 05:31:20', 25);
INSERT INTO service_views (service_id, viewed_at, viewer_account_id) VALUES (18, '2025-04-16 05:36:36', 38);
INSERT INTO service_views (service_id, viewed_at, viewer_account_id) VALUES (5, '2025-04-28 05:14:53', 12);
INSERT INTO service_views (service_id, viewed_at, viewer_account_id) VALUES (40, '2025-05-02 04:09:36', 54);
INSERT INTO service_views (service_id, viewed_at, viewer_account_id) VALUES (9, '2025-04-19 11:59:14', 10);
INSERT INTO service_views (service_id, viewed_at, viewer_account_id) VALUES (46, '2025-04-13 15:03:54', 19);
INSERT INTO service_views (service_id, viewed_at, viewer_account_id) VALUES (40, '2025-05-06 23:02:58', 17);
INSERT INTO service_views (service_id, viewed_at, viewer_account_id) VALUES (14, '2025-04-21 19:00:34', 50);
INSERT INTO service_views (service_id, viewed_at, viewer_account_id) VALUES (52, '2025-05-07 18:40:30', 61);
INSERT INTO service_views (service_id, viewed_at, viewer_account_id) VALUES (6, '2025-04-26 16:37:22', 19);
INSERT INTO service_views (service_id, viewed_at, viewer_account_id) VALUES (3, '2025-05-08 13:53:17', 81);
INSERT INTO service_views (service_id, viewed_at, viewer_account_id) VALUES (13, '2025-04-12 06:05:44', 17);
INSERT INTO service_views (service_id, viewed_at, viewer_account_id) VALUES (50, '2025-04-26 20:30:03', 65);
INSERT INTO service_views (service_id, viewed_at, viewer_account_id) VALUES (36, '2025-04-13 23:03:29', 81);
INSERT INTO service_views (service_id, viewed_at, viewer_account_id) VALUES (47, '2025-04-13 16:31:14', 65);
INSERT INTO service_views (service_id, viewed_at, viewer_account_id) VALUES (39, '2025-04-16 08:04:55', 38);
INSERT INTO service_views (service_id, viewed_at, viewer_account_id) VALUES (50, '2025-04-24 21:55:35', 10);
INSERT INTO service_views (service_id, viewed_at, viewer_account_id) VALUES (8, '2025-05-06 13:19:51', 40);
INSERT INTO service_views (service_id, viewed_at, viewer_account_id) VALUES (36, '2025-04-24 16:06:21', 10);
INSERT INTO service_views (service_id, viewed_at, viewer_account_id) VALUES (22, '2025-05-03 17:36:54', 12);
INSERT INTO service_views (service_id, viewed_at, viewer_account_id) VALUES (40, '2025-05-10 14:07:14', 103);
INSERT INTO service_views (service_id, viewed_at, viewer_account_id) VALUES (39, '2025-04-26 23:12:37', 87);
INSERT INTO service_views (service_id, viewed_at, viewer_account_id) VALUES (45, '2025-04-22 14:35:49', 52);
INSERT INTO service_views (service_id, viewed_at, viewer_account_id) VALUES (7, '2025-05-08 08:42:58', 21);
INSERT INTO service_views (service_id, viewed_at, viewer_account_id) VALUES (17, '2025-04-13 21:48:04', 21);
INSERT INTO service_views (service_id, viewed_at, viewer_account_id) VALUES (14, '2025-04-24 19:37:51', 12);
INSERT INTO service_views (service_id, viewed_at, viewer_account_id) VALUES (34, '2025-05-08 20:47:07', 48);
INSERT INTO service_views (service_id, viewed_at, viewer_account_id) VALUES (30, '2025-04-29 09:14:49', 2);
INSERT INTO service_views (service_id, viewed_at, viewer_account_id) VALUES (25, '2025-04-14 15:41:38', 69);
INSERT INTO service_views (service_id, viewed_at, viewer_account_id) VALUES (40, '2025-04-20 06:23:36', 7);
INSERT INTO service_views (service_id, viewed_at, viewer_account_id) VALUES (40, '2025-05-05 13:31:59', 74);
INSERT INTO service_views (service_id, viewed_at, viewer_account_id) VALUES (7, '2025-04-15 21:49:01', 81);
INSERT INTO service_views (service_id, viewed_at, viewer_account_id) VALUES (36, '2025-04-26 05:49:37', 2);
INSERT INTO service_views (service_id, viewed_at, viewer_account_id) VALUES (47, '2025-05-09 02:23:05', 100);
INSERT INTO service_views (service_id, viewed_at, viewer_account_id) VALUES (15, '2025-04-30 09:47:10', 12);
INSERT INTO service_views (service_id, viewed_at, viewer_account_id) VALUES (31, '2025-04-14 21:59:53', 103);
INSERT INTO service_views (service_id, viewed_at, viewer_account_id) VALUES (40, '2025-05-07 02:39:01', 12);
INSERT INTO service_views (service_id, viewed_at, viewer_account_id) VALUES (44, '2025-05-01 06:08:02', 2);
INSERT INTO service_views (service_id, viewed_at, viewer_account_id) VALUES (42, '2025-04-27 05:44:33', 7);
INSERT INTO service_views (service_id, viewed_at, viewer_account_id) VALUES (41, '2025-04-12 06:01:15', 103);
INSERT INTO service_views (service_id, viewed_at, viewer_account_id) VALUES (36, '2025-04-17 13:04:41', 17);
INSERT INTO service_views (service_id, viewed_at, viewer_account_id) VALUES (8, '2025-04-21 04:09:34', 10);
INSERT INTO service_views (service_id, viewed_at, viewer_account_id) VALUES (6, '2025-04-16 03:50:51', 81);
INSERT INTO service_views (service_id, viewed_at, viewer_account_id) VALUES (5, '2025-05-05 16:44:16', 10);
INSERT INTO service_views (service_id, viewed_at, viewer_account_id) VALUES (20, '2025-04-12 14:45:40', 40);
INSERT INTO service_views (service_id, viewed_at, viewer_account_id) VALUES (49, '2025-04-24 04:58:00', 76);
INSERT INTO service_views (service_id, viewed_at, viewer_account_id) VALUES (7, '2025-04-24 18:33:23', 48);
INSERT INTO service_views (service_id, viewed_at, viewer_account_id) VALUES (11, '2025-05-06 08:46:06', 81);
INSERT INTO service_views (service_id, viewed_at, viewer_account_id) VALUES (45, '2025-04-25 16:09:47', 48);
INSERT INTO service_views (service_id, viewed_at, viewer_account_id) VALUES (10, '2025-04-28 07:38:11', 38);
INSERT INTO service_views (service_id, viewed_at, viewer_account_id) VALUES (55, '2025-04-29 17:27:29', 50);
INSERT INTO service_views (service_id, viewed_at, viewer_account_id) VALUES (22, '2025-04-17 20:54:08', 50);
INSERT INTO service_views (service_id, viewed_at, viewer_account_id) VALUES (38, '2025-05-01 05:17:41', 48);
INSERT INTO service_views (service_id, viewed_at, viewer_account_id) VALUES (15, '2025-05-06 14:22:45', 103);
INSERT INTO service_views (service_id, viewed_at, viewer_account_id) VALUES (34, '2025-04-21 01:01:55', 69);
INSERT INTO service_views (service_id, viewed_at, viewer_account_id) VALUES (20, '2025-05-08 16:23:36', 2);
INSERT INTO service_views (service_id, viewed_at, viewer_account_id) VALUES (22, '2025-05-01 06:37:15', 21);
INSERT INTO service_views (service_id, viewed_at, viewer_account_id) VALUES (3, '2025-04-26 17:42:40', 74);
INSERT INTO service_views (service_id, viewed_at, viewer_account_id) VALUES (3, '2025-04-19 05:42:34', 69);
INSERT INTO service_shortlists (homeowner_account_id, service_id, shortlisted_at, is_confirmed, is_deleted) VALUES (10, 2, '2025-04-20 13:30:00', FALSE, FALSE);
INSERT INTO service_shortlists (homeowner_account_id, service_id, shortlisted_at, is_confirmed, is_deleted) VALUES (19, 13, '2025-05-06 02:14:05', FALSE, FALSE);
INSERT INTO service_shortlists (homeowner_account_id, service_id, shortlisted_at, is_confirmed, is_deleted) VALUES (2, 14, '2025-05-03 00:00:16', FALSE, TRUE);
INSERT INTO service_shortlists (homeowner_account_id, service_id, shortlisted_at, is_confirmed, is_deleted) VALUES (54, 43, '2025-04-21 06:20:03', FALSE, FALSE);
INSERT INTO service_shortlists (homeowner_account_id, service_id, shortlisted_at, is_confirmed, is_deleted) VALUES (54, 13, '2025-05-08 15:45:59', FALSE, FALSE);
INSERT INTO service_shortlists (homeowner_account_id, service_id, shortlisted_at, is_confirmed, is_deleted) VALUES (19, 33, '2025-04-19 18:02:46', FALSE, FALSE);
INSERT INTO service_shortlists (homeowner_account_id, service_id, shortlisted_at, is_confirmed, is_deleted) VALUES (70, 54, '2025-04-16 23:44:05', FALSE, FALSE);
INSERT INTO service_shortlists (homeowner_account_id, service_id, shortlisted_at, is_confirmed, is_deleted) VALUES (7, 34, '2025-04-21 05:55:12', TRUE, FALSE);
INSERT INTO service_shortlists (homeowner_account_id, service_id, shortlisted_at, is_confirmed, is_deleted) VALUES (40, 53, '2025-04-22 10:04:41', TRUE, FALSE);
INSERT INTO service_shortlists (homeowner_account_id, service_id, shortlisted_at, is_confirmed, is_deleted) VALUES (7, 4, '2025-05-03 21:23:20', FALSE, FALSE);
INSERT INTO service_shortlists (homeowner_account_id, service_id, shortlisted_at, is_confirmed, is_deleted) VALUES (12, 42, '2025-04-27 19:21:38', TRUE, FALSE);
INSERT INTO service_shortlists (homeowner_account_id, service_id, shortlisted_at, is_confirmed, is_deleted) VALUES (48, 28, '2025-05-06 05:55:30', FALSE, FALSE);
INSERT INTO service_shortlists (homeowner_account_id, service_id, shortlisted_at, is_confirmed, is_deleted) VALUES (2, 40, '2025-04-23 04:50:12', FALSE, FALSE);
INSERT INTO service_shortlists (homeowner_account_id, service_id, shortlisted_at, is_confirmed, is_deleted) VALUES (10, 40, '2025-04-15 04:47:30', FALSE, FALSE);
INSERT INTO service_shortlists (homeowner_account_id, service_id, shortlisted_at, is_confirmed, is_deleted) VALUES (52, 6, '2025-04-22 18:36:34', TRUE, FALSE);
INSERT INTO service_shortlists (homeowner_account_id, service_id, shortlisted_at, is_confirmed, is_deleted) VALUES (100, 51, '2025-04-29 02:22:54', FALSE, FALSE);
INSERT INTO service_shortlists (homeowner_account_id, service_id, shortlisted_at, is_confirmed, is_deleted) VALUES (81, 14, '2025-05-02 03:03:35', FALSE, FALSE);
INSERT INTO service_shortlists (homeowner_account_id, service_id, shortlisted_at, is_confirmed, is_deleted) VALUES (70, 50, '2025-04-17 17:38:58', FALSE, FALSE);
INSERT INTO service_shortlists (homeowner_account_id, service_id, shortlisted_at, is_confirmed, is_deleted) VALUES (87, 34, '2025-04-20 13:02:35', FALSE, FALSE);
INSERT INTO service_shortlists (homeowner_account_id, service_id, shortlisted_at, is_confirmed, is_deleted) VALUES (87, 42, '2025-05-05 04:49:20', TRUE, FALSE);
INSERT INTO service_shortlists (homeowner_account_id, service_id, shortlisted_at, is_confirmed, is_deleted) VALUES (69, 56, '2025-05-08 04:52:02', TRUE, FALSE);
INSERT INTO service_shortlists (homeowner_account_id, service_id, shortlisted_at, is_confirmed, is_deleted) VALUES (48, 42, '2025-05-04 05:56:19', FALSE, FALSE);
INSERT INTO service_shortlists (homeowner_account_id, service_id, shortlisted_at, is_confirmed, is_deleted) VALUES (7, 43, '2025-04-30 17:28:51', FALSE, FALSE);
INSERT INTO service_shortlists (homeowner_account_id, service_id, shortlisted_at, is_confirmed, is_deleted) VALUES (38, 44, '2025-05-08 10:20:33', TRUE, FALSE);
INSERT INTO service_shortlists (homeowner_account_id, service_id, shortlisted_at, is_confirmed, is_deleted) VALUES (21, 29, '2025-04-15 23:43:25', FALSE, FALSE);
INSERT INTO service_shortlists (homeowner_account_id, service_id, shortlisted_at, is_confirmed, is_deleted) VALUES (7, 8, '2025-04-18 04:51:59', TRUE, FALSE);
INSERT INTO service_shortlists (homeowner_account_id, service_id, shortlisted_at, is_confirmed, is_deleted) VALUES (58, 39, '2025-04-15 23:40:27', FALSE, FALSE);
INSERT INTO service_shortlists (homeowner_account_id, service_id, shortlisted_at, is_confirmed, is_deleted) VALUES (76, 42, '2025-04-25 00:38:27', FALSE, FALSE);
INSERT INTO service_shortlists (homeowner_account_id, service_id, shortlisted_at, is_confirmed, is_deleted) VALUES (48, 17, '2025-05-08 16:37:36', FALSE, FALSE);
INSERT INTO service_shortlists (homeowner_account_id, service_id, shortlisted_at, is_confirmed, is_deleted) VALUES (76, 6, '2025-05-04 22:22:47', FALSE, FALSE);
INSERT INTO service_shortlists (homeowner_account_id, service_id, shortlisted_at, is_confirmed, is_deleted) VALUES (87, 21, '2025-05-11 14:07:02', FALSE, FALSE);
INSERT INTO service_shortlists (homeowner_account_id, service_id, shortlisted_at, is_confirmed, is_deleted) VALUES (21, 50, '2025-05-02 15:13:12', FALSE, FALSE);
INSERT INTO service_shortlists (homeowner_account_id, service_id, shortlisted_at, is_confirmed, is_deleted) VALUES (70, 45, '2025-05-06 10:54:40', FALSE, FALSE);
INSERT INTO service_shortlists (homeowner_account_id, service_id, shortlisted_at, is_confirmed, is_deleted) VALUES (70, 4, '2025-05-06 11:50:03', FALSE, TRUE);
INSERT INTO service_shortlists (homeowner_account_id, service_id, shortlisted_at, is_confirmed, is_deleted) VALUES (12, 25, '2025-04-29 03:50:43', FALSE, TRUE);
INSERT INTO service_shortlists (homeowner_account_id, service_id, shortlisted_at, is_confirmed, is_deleted) VALUES (61, 25, '2025-04-25 06:38:32', FALSE, FALSE);
INSERT INTO service_shortlists (homeowner_account_id, service_id, shortlisted_at, is_confirmed, is_deleted) VALUES (38, 27, '2025-04-29 08:11:50', TRUE, FALSE);
INSERT INTO service_shortlists (homeowner_account_id, service_id, shortlisted_at, is_confirmed, is_deleted) VALUES (65, 22, '2025-04-30 01:04:16', TRUE, FALSE);
INSERT INTO service_shortlists (homeowner_account_id, service_id, shortlisted_at, is_confirmed, is_deleted) VALUES (103, 38, '2025-04-23 13:19:41', FALSE, FALSE);
INSERT INTO service_shortlists (homeowner_account_id, service_id, shortlisted_at, is_confirmed, is_deleted) VALUES (10, 35, '2025-04-21 21:16:35', FALSE, FALSE);
INSERT INTO service_shortlists (homeowner_account_id, service_id, shortlisted_at, is_confirmed, is_deleted) VALUES (54, 55, '2025-05-09 21:45:12', FALSE, FALSE);
INSERT INTO service_shortlists (homeowner_account_id, service_id, shortlisted_at, is_confirmed, is_deleted) VALUES (81, 43, '2025-04-12 15:34:49', FALSE, FALSE);
INSERT INTO service_shortlists (homeowner_account_id, service_id, shortlisted_at, is_confirmed, is_deleted) VALUES (65, 8, '2025-05-07 03:24:44', FALSE, FALSE);
INSERT INTO service_shortlists (homeowner_account_id, service_id, shortlisted_at, is_confirmed, is_deleted) VALUES (100, 25, '2025-04-25 01:56:10', FALSE, FALSE);
INSERT INTO service_shortlists (homeowner_account_id, service_id, shortlisted_at, is_confirmed, is_deleted) VALUES (65, 9, '2025-05-08 18:50:58', FALSE, FALSE);
INSERT INTO service_shortlists (homeowner_account_id, service_id, shortlisted_at, is_confirmed, is_deleted) VALUES (81, 5, '2025-05-01 03:29:24', TRUE, FALSE);
INSERT INTO service_shortlists (homeowner_account_id, service_id, shortlisted_at, is_confirmed, is_deleted) VALUES (25, 12, '2025-05-04 03:39:25', FALSE, FALSE);
INSERT INTO service_shortlists (homeowner_account_id, service_id, shortlisted_at, is_confirmed, is_deleted) VALUES (39, 51, '2025-04-15 03:57:03', FALSE, FALSE);
INSERT INTO service_shortlists (homeowner_account_id, service_id, shortlisted_at, is_confirmed, is_deleted) VALUES (7, 48, '2025-04-27 22:47:30', FALSE, TRUE);
INSERT INTO service_shortlists (homeowner_account_id, service_id, shortlisted_at, is_confirmed, is_deleted) VALUES (50, 43, '2025-05-06 12:33:54', FALSE, FALSE);
INSERT INTO service_shortlists (homeowner_account_id, service_id, shortlisted_at, is_confirmed, is_deleted) VALUES (54, 26, '2025-04-25 16:39:37', TRUE, FALSE);
INSERT INTO service_shortlists (homeowner_account_id, service_id, shortlisted_at, is_confirmed, is_deleted) VALUES (17, 27, '2025-05-06 05:48:24', FALSE, FALSE);
INSERT INTO service_shortlists (homeowner_account_id, service_id, shortlisted_at, is_confirmed, is_deleted) VALUES (10, 55, '2025-04-14 12:38:46', FALSE, TRUE);
INSERT INTO service_shortlists (homeowner_account_id, service_id, shortlisted_at, is_confirmed, is_deleted) VALUES (39, 46, '2025-05-07 09:20:31', FALSE, FALSE);
INSERT INTO service_shortlists (homeowner_account_id, service_id, shortlisted_at, is_confirmed, is_deleted) VALUES (74, 36, '2025-05-07 00:29:04', TRUE, FALSE);
INSERT INTO service_shortlists (homeowner_account_id, service_id, shortlisted_at, is_confirmed, is_deleted) VALUES (12, 47, '2025-05-01 18:21:21', FALSE, FALSE);
INSERT INTO service_shortlists (homeowner_account_id, service_id, shortlisted_at, is_confirmed, is_deleted) VALUES (12, 5, '2025-04-24 16:49:11', FALSE, FALSE);
INSERT INTO service_shortlists (homeowner_account_id, service_id, shortlisted_at, is_confirmed, is_deleted) VALUES (81, 20, '2025-04-14 09:00:21', FALSE, FALSE);
INSERT INTO service_shortlists (homeowner_account_id, service_id, shortlisted_at, is_confirmed, is_deleted) VALUES (54, 49, '2025-05-09 09:57:19', TRUE, FALSE);
INSERT INTO service_shortlists (homeowner_account_id, service_id, shortlisted_at, is_confirmed, is_deleted) VALUES (58, 4, '2025-04-30 02:00:34', TRUE, FALSE);
INSERT INTO service_shortlists (homeowner_account_id, service_id, shortlisted_at, is_confirmed, is_deleted) VALUES (2, 23, '2025-04-14 19:47:06', FALSE, FALSE);
INSERT INTO service_shortlists (homeowner_account_id, service_id, shortlisted_at, is_confirmed, is_deleted) VALUES (21, 2, '2025-05-10 23:16:50', FALSE, FALSE);
INSERT INTO service_shortlists (homeowner_account_id, service_id, shortlisted_at, is_confirmed, is_deleted) VALUES (76, 38, '2025-05-04 19:08:24', FALSE, FALSE);
INSERT INTO service_shortlists (homeowner_account_id, service_id, shortlisted_at, is_confirmed, is_deleted) VALUES (50, 44, '2025-05-04 02:40:09', FALSE, TRUE);
INSERT INTO service_shortlists (homeowner_account_id, service_id, shortlisted_at, is_confirmed, is_deleted) VALUES (12, 19, '2025-04-28 21:39:58', FALSE, FALSE);
INSERT INTO service_shortlists (homeowner_account_id, service_id, shortlisted_at, is_confirmed, is_deleted) VALUES (70, 55, '2025-05-06 23:25:10', FALSE, TRUE);
INSERT INTO service_shortlists (homeowner_account_id, service_id, shortlisted_at, is_confirmed, is_deleted) VALUES (12, 1, '2025-04-19 07:51:50', TRUE, FALSE);
INSERT INTO service_shortlists (homeowner_account_id, service_id, shortlisted_at, is_confirmed, is_deleted) VALUES (54, 24, '2025-04-21 00:11:07', TRUE, FALSE);
INSERT INTO service_shortlists (homeowner_account_id, service_id, shortlisted_at, is_confirmed, is_deleted) VALUES (19, 26, '2025-05-08 07:33:11', FALSE, FALSE);
INSERT INTO service_shortlists (homeowner_account_id, service_id, shortlisted_at, is_confirmed, is_deleted) VALUES (38, 41, '2025-05-05 15:56:21', FALSE, FALSE);
INSERT INTO service_shortlists (homeowner_account_id, service_id, shortlisted_at, is_confirmed, is_deleted) VALUES (70, 26, '2025-04-30 06:02:56', TRUE, FALSE);
INSERT INTO service_shortlists (homeowner_account_id, service_id, shortlisted_at, is_confirmed, is_deleted) VALUES (52, 24, '2025-04-26 10:45:53', FALSE, FALSE);
INSERT INTO service_shortlists (homeowner_account_id, service_id, shortlisted_at, is_confirmed, is_deleted) VALUES (19, 24, '2025-04-17 20:10:01', FALSE, FALSE);
INSERT INTO service_shortlists (homeowner_account_id, service_id, shortlisted_at, is_confirmed, is_deleted) VALUES (7, 6, '2025-04-21 16:22:11', FALSE, FALSE);
INSERT INTO service_shortlists (homeowner_account_id, service_id, shortlisted_at, is_confirmed, is_deleted) VALUES (25, 20, '2025-04-26 01:36:48', TRUE, FALSE);
INSERT INTO service_shortlists (homeowner_account_id, service_id, shortlisted_at, is_confirmed, is_deleted) VALUES (17, 29, '2025-05-10 02:47:57', FALSE, FALSE);
INSERT INTO service_shortlists (homeowner_account_id, service_id, shortlisted_at, is_confirmed, is_deleted) VALUES (19, 3, '2025-05-09 05:51:05', FALSE, FALSE);
INSERT INTO service_shortlists (homeowner_account_id, service_id, shortlisted_at, is_confirmed, is_deleted) VALUES (54, 5, '2025-04-28 11:20:08', TRUE, FALSE);
INSERT INTO service_shortlists (homeowner_account_id, service_id, shortlisted_at, is_confirmed, is_deleted) VALUES (87, 46, '2025-05-07 09:39:51', FALSE, FALSE);
INSERT INTO service_shortlists (homeowner_account_id, service_id, shortlisted_at, is_confirmed, is_deleted) VALUES (19, 38, '2025-04-14 17:27:26', FALSE, FALSE);
INSERT INTO service_shortlists (homeowner_account_id, service_id, shortlisted_at, is_confirmed, is_deleted) VALUES (103, 49, '2025-04-28 21:59:52', TRUE, FALSE);
INSERT INTO service_shortlists (homeowner_account_id, service_id, shortlisted_at, is_confirmed, is_deleted) VALUES (19, 49, '2025-04-23 19:41:31', FALSE, FALSE);
INSERT INTO service_shortlists (homeowner_account_id, service_id, shortlisted_at, is_confirmed, is_deleted) VALUES (54, 56, '2025-05-01 22:22:16', TRUE, FALSE);
INSERT INTO service_shortlists (homeowner_account_id, service_id, shortlisted_at, is_confirmed, is_deleted) VALUES (17, 2, '2025-05-07 07:20:12', FALSE, FALSE);
INSERT INTO service_shortlists (homeowner_account_id, service_id, shortlisted_at, is_confirmed, is_deleted) VALUES (48, 45, '2025-04-27 06:11:27', FALSE, FALSE);
INSERT INTO service_shortlists (homeowner_account_id, service_id, shortlisted_at, is_confirmed, is_deleted) VALUES (100, 2, '2025-04-30 21:35:02', FALSE, FALSE);
INSERT INTO service_shortlists (homeowner_account_id, service_id, shortlisted_at, is_confirmed, is_deleted) VALUES (103, 34, '2025-04-29 04:14:34', FALSE, FALSE);
INSERT INTO service_shortlists (homeowner_account_id, service_id, shortlisted_at, is_confirmed, is_deleted) VALUES (40, 36, '2025-05-09 09:01:54', FALSE, FALSE);
INSERT INTO service_shortlists (homeowner_account_id, service_id, shortlisted_at, is_confirmed, is_deleted) VALUES (2, 45, '2025-05-06 06:43:16', TRUE, FALSE);
INSERT INTO service_shortlists (homeowner_account_id, service_id, shortlisted_at, is_confirmed, is_deleted) VALUES (18, 26, '2025-05-05 11:26:39', FALSE, FALSE);
INSERT INTO service_shortlists (homeowner_account_id, service_id, shortlisted_at, is_confirmed, is_deleted) VALUES (61, 19, '2025-04-22 05:18:26', FALSE, TRUE);
INSERT INTO service_shortlists (homeowner_account_id, service_id, shortlisted_at, is_confirmed, is_deleted) VALUES (50, 5, '2025-05-01 03:29:30', TRUE, FALSE);
INSERT INTO service_shortlists (homeowner_account_id, service_id, shortlisted_at, is_confirmed, is_deleted) VALUES (76, 26, '2025-04-23 19:20:09', TRUE, FALSE);
INSERT INTO service_shortlists (homeowner_account_id, service_id, shortlisted_at, is_confirmed, is_deleted) VALUES (25, 36, '2025-04-13 06:32:57', TRUE, FALSE);
INSERT INTO service_shortlists (homeowner_account_id, service_id, shortlisted_at, is_confirmed, is_deleted) VALUES (38, 17, '2025-04-19 17:31:43', FALSE, FALSE);
INSERT INTO service_shortlists (homeowner_account_id, service_id, shortlisted_at, is_confirmed, is_deleted) VALUES (87, 25, '2025-05-03 10:34:47', TRUE, FALSE);
INSERT INTO service_shortlists (homeowner_account_id, service_id, shortlisted_at, is_confirmed, is_deleted) VALUES (17, 13, '2025-04-12 04:55:34', FALSE, TRUE);
INSERT INTO service_shortlists (homeowner_account_id, service_id, shortlisted_at, is_confirmed, is_deleted) VALUES (52, 21, '2025-04-14 20:18:55', FALSE, TRUE);
INSERT INTO service_shortlists (homeowner_account_id, service_id, shortlisted_at, is_confirmed, is_deleted) VALUES (61, 40, '2025-04-13 20:58:17', FALSE, TRUE);
INSERT INTO service_shortlists (homeowner_account_id, service_id, shortlisted_at, is_confirmed, is_deleted) VALUES (69, 48, '2025-05-10 03:30:58', TRUE, FALSE);
INSERT INTO matching_bookings (homeowner_account_id, cleaner_account_id, service_id, category_id, booking_date, status, is_deleted) VALUES (12, 46, 27, 4, '2025-05-03', 'completed', FALSE);
INSERT INTO matching_bookings (homeowner_account_id, cleaner_account_id, service_id, category_id, booking_date, status, is_deleted) VALUES (100, 56, 28, 7, '2025-05-05', 'completed', FALSE);
INSERT INTO matching_bookings (homeowner_account_id, cleaner_account_id, service_id, category_id, booking_date, status, is_deleted) VALUES (25, 23, 12, 6, '2025-04-27', 'confirmed', FALSE);
INSERT INTO matching_bookings (homeowner_account_id, cleaner_account_id, service_id, category_id, booking_date, status, is_deleted) VALUES (50, 73, 38, 8, '2025-05-05', 'cancelled', FALSE);
INSERT INTO matching_bookings (homeowner_account_id, cleaner_account_id, service_id, category_id, booking_date, status, is_deleted) VALUES (19, 98, 50, 3, '2025-05-10', 'confirmed', FALSE);
INSERT INTO matching_bookings (homeowner_account_id, cleaner_account_id, service_id, category_id, booking_date, status, is_deleted) VALUES (19, 15, 7, 4, '2025-04-17', 'completed', FALSE);
INSERT INTO matching_bookings (homeowner_account_id, cleaner_account_id, service_id, category_id, booking_date, status, is_deleted) VALUES (21, 3, 2, 1, '2025-04-28', 'confirmed', FALSE);
INSERT INTO matching_bookings (homeowner_account_id, cleaner_account_id, service_id, category_id, booking_date, status, is_deleted) VALUES (69, 104, 56, 6, '2025-05-06', 'confirmed', FALSE);
INSERT INTO matching_bookings (homeowner_account_id, cleaner_account_id, service_id, category_id, booking_date, status, is_deleted) VALUES (74, 30, 18, 5, '2025-04-28', 'cancelled', FALSE);
INSERT INTO matching_bookings (homeowner_account_id, cleaner_account_id, service_id, category_id, booking_date, status, is_deleted) VALUES (12, 46, 27, 4, '2025-04-30', 'cancelled', FALSE);
INSERT INTO matching_bookings (homeowner_account_id, cleaner_account_id, service_id, category_id, booking_date, status, is_deleted) VALUES (65, 8, 4, 9, '2025-04-11', 'confirmed', FALSE);
INSERT INTO matching_bookings (homeowner_account_id, cleaner_account_id, service_id, category_id, booking_date, status, is_deleted) VALUES (12, 84, 45, 9, '2025-05-04', 'confirmed', FALSE);
INSERT INTO matching_bookings (homeowner_account_id, cleaner_account_id, service_id, category_id, booking_date, status, is_deleted) VALUES (17, 46, 27, 4, '2025-04-13', 'confirmed', FALSE);
INSERT INTO matching_bookings (homeowner_account_id, cleaner_account_id, service_id, category_id, booking_date, status, is_deleted) VALUES (40, 72, 35, 5, '2025-05-03', 'confirmed', FALSE);
INSERT INTO matching_bookings (homeowner_account_id, cleaner_account_id, service_id, category_id, booking_date, status, is_deleted) VALUES (70, 3, 1, 2, '2025-05-02', 'completed', FALSE);
INSERT INTO matching_bookings (homeowner_account_id, cleaner_account_id, service_id, category_id, booking_date, status, is_deleted) VALUES (87, 46, 25, 5, '2025-05-07', 'completed', FALSE);
INSERT INTO matching_bookings (homeowner_account_id, cleaner_account_id, service_id, category_id, booking_date, status, is_deleted) VALUES (39, 102, 54, 1, '2025-04-21', 'cancelled', FALSE);
INSERT INTO matching_bookings (homeowner_account_id, cleaner_account_id, service_id, category_id, booking_date, status, is_deleted) VALUES (70, 66, 33, 4, '2025-04-12', 'confirmed', FALSE);
INSERT INTO matching_bookings (homeowner_account_id, cleaner_account_id, service_id, category_id, booking_date, status, is_deleted) VALUES (61, 56, 28, 7, '2025-05-05', 'completed', FALSE);
INSERT INTO matching_bookings (homeowner_account_id, cleaner_account_id, service_id, category_id, booking_date, status, is_deleted) VALUES (7, 24, 15, 6, '2025-05-05', 'cancelled', FALSE);
INSERT INTO matching_bookings (homeowner_account_id, cleaner_account_id, service_id, category_id, booking_date, status, is_deleted) VALUES (25, 32, 19, 4, '2025-05-08', 'completed', FALSE);
INSERT INTO matching_bookings (homeowner_account_id, cleaner_account_id, service_id, category_id, booking_date, status, is_deleted) VALUES (65, 101, 51, 2, '2025-04-30', 'confirmed', FALSE);
INSERT INTO matching_bookings (homeowner_account_id, cleaner_account_id, service_id, category_id, booking_date, status, is_deleted) VALUES (76, 66, 33, 4, '2025-04-27', 'cancelled', FALSE);
INSERT INTO matching_bookings (homeowner_account_id, cleaner_account_id, service_id, category_id, booking_date, status, is_deleted) VALUES (19, 64, 31, 9, '2025-05-09', 'completed', FALSE);
INSERT INTO matching_bookings (homeowner_account_id, cleaner_account_id, service_id, category_id, booking_date, status, is_deleted) VALUES (40, 102, 53, 5, '2025-04-19', 'confirmed', FALSE);
INSERT INTO matching_bookings (homeowner_account_id, cleaner_account_id, service_id, category_id, booking_date, status, is_deleted) VALUES (58, 32, 20, 2, '2025-04-18', 'confirmed', FALSE);
INSERT INTO matching_bookings (homeowner_account_id, cleaner_account_id, service_id, category_id, booking_date, status, is_deleted) VALUES (50, 66, 32, 8, '2025-05-09', 'confirmed', FALSE);
INSERT INTO matching_bookings (homeowner_account_id, cleaner_account_id, service_id, category_id, booking_date, status, is_deleted) VALUES (21, 64, 30, 9, '2025-04-26', 'cancelled', FALSE);
INSERT INTO matching_bookings (homeowner_account_id, cleaner_account_id, service_id, category_id, booking_date, status, is_deleted) VALUES (38, 85, 49, 9, '2025-05-06', 'completed', FALSE);
INSERT INTO matching_bookings (homeowner_account_id, cleaner_account_id, service_id, category_id, booking_date, status, is_deleted) VALUES (87, 104, 55, 3, '2025-04-14', 'completed', FALSE);
INSERT INTO matching_bookings (homeowner_account_id, cleaner_account_id, service_id, category_id, booking_date, status, is_deleted) VALUES (76, 46, 26, 3, '2025-04-13', 'confirmed', FALSE);
INSERT INTO matching_bookings (homeowner_account_id, cleaner_account_id, service_id, category_id, booking_date, status, is_deleted) VALUES (48, 79, 40, 2, '2025-04-12', 'confirmed', FALSE);
INSERT INTO matching_bookings (homeowner_account_id, cleaner_account_id, service_id, category_id, booking_date, status, is_deleted) VALUES (12, 30, 18, 5, '2025-04-17', 'confirmed', FALSE);
INSERT INTO matching_bookings (homeowner_account_id, cleaner_account_id, service_id, category_id, booking_date, status, is_deleted) VALUES (38, 8, 6, 1, '2025-05-08', 'completed', FALSE);
INSERT INTO matching_bookings (homeowner_account_id, cleaner_account_id, service_id, category_id, booking_date, status, is_deleted) VALUES (103, 79, 41, 1, '2025-04-16', 'completed', FALSE);
INSERT INTO matching_bookings (homeowner_account_id, cleaner_account_id, service_id, category_id, booking_date, status, is_deleted) VALUES (70, 80, 42, 3, '2025-05-10', 'cancelled', FALSE);
INSERT INTO matching_bookings (homeowner_account_id, cleaner_account_id, service_id, category_id, booking_date, status, is_deleted) VALUES (48, 30, 18, 5, '2025-04-30', 'confirmed', FALSE);
INSERT INTO matching_bookings (homeowner_account_id, cleaner_account_id, service_id, category_id, booking_date, status, is_deleted) VALUES (65, 85, 48, 8, '2025-04-28', 'confirmed', FALSE);
INSERT INTO matching_bookings (homeowner_account_id, cleaner_account_id, service_id, category_id, booking_date, status, is_deleted) VALUES (38, 64, 31, 9, '2025-04-20', 'cancelled', FALSE);
INSERT INTO matching_bookings (homeowner_account_id, cleaner_account_id, service_id, category_id, booking_date, status, is_deleted) VALUES (61, 15, 7, 4, '2025-04-19', 'cancelled', FALSE);
INSERT INTO matching_bookings (homeowner_account_id, cleaner_account_id, service_id, category_id, booking_date, status, is_deleted) VALUES (40, 24, 14, 4, '2025-05-04', 'confirmed', FALSE);
INSERT INTO matching_bookings (homeowner_account_id, cleaner_account_id, service_id, category_id, booking_date, status, is_deleted) VALUES (76, 104, 55, 3, '2025-05-09', 'confirmed', FALSE);
INSERT INTO matching_bookings (homeowner_account_id, cleaner_account_id, service_id, category_id, booking_date, status, is_deleted) VALUES (7, 3, 1, 2, '2025-04-13', 'confirmed', FALSE);
INSERT INTO matching_bookings (homeowner_account_id, cleaner_account_id, service_id, category_id, booking_date, status, is_deleted) VALUES (19, 24, 13, 1, '2025-05-01', 'cancelled', FALSE);
INSERT INTO matching_bookings (homeowner_account_id, cleaner_account_id, service_id, category_id, booking_date, status, is_deleted) VALUES (38, 24, 13, 1, '2025-05-08', 'confirmed', FALSE);
INSERT INTO matching_bookings (homeowner_account_id, cleaner_account_id, service_id, category_id, booking_date, status, is_deleted) VALUES (74, 64, 31, 9, '2025-05-06', 'completed', FALSE);
INSERT INTO matching_bookings (homeowner_account_id, cleaner_account_id, service_id, category_id, booking_date, status, is_deleted) VALUES (40, 82, 44, 2, '2025-04-29', 'completed', FALSE);
INSERT INTO matching_bookings (homeowner_account_id, cleaner_account_id, service_id, category_id, booking_date, status, is_deleted) VALUES (18, 32, 21, 2, '2025-05-04', 'cancelled', FALSE);
INSERT INTO matching_bookings (homeowner_account_id, cleaner_account_id, service_id, category_id, booking_date, status, is_deleted) VALUES (48, 36, 23, 1, '2025-05-05', 'confirmed', FALSE);
INSERT INTO matching_bookings (homeowner_account_id, cleaner_account_id, service_id, category_id, booking_date, status, is_deleted) VALUES (58, 15, 7, 4, '2025-04-11', 'confirmed', FALSE);
INSERT INTO matching_bookings (homeowner_account_id, cleaner_account_id, service_id, category_id, booking_date, status, is_deleted) VALUES (48, 30, 18, 5, '2025-04-22', 'confirmed', FALSE);
INSERT INTO matching_bookings (homeowner_account_id, cleaner_account_id, service_id, category_id, booking_date, status, is_deleted) VALUES (74, 104, 56, 6, '2025-05-01', 'completed', FALSE);
INSERT INTO matching_bookings (homeowner_account_id, cleaner_account_id, service_id, category_id, booking_date, status, is_deleted) VALUES (40, 102, 54, 1, '2025-04-28', 'completed', FALSE);
INSERT INTO matching_bookings (homeowner_account_id, cleaner_account_id, service_id, category_id, booking_date, status, is_deleted) VALUES (2, 22, 8, 9, '2025-05-07', 'confirmed', FALSE);
INSERT INTO matching_bookings (homeowner_account_id, cleaner_account_id, service_id, category_id, booking_date, status, is_deleted) VALUES (25, 36, 23, 1, '2025-05-08', 'cancelled', FALSE);
INSERT INTO matching_bookings (homeowner_account_id, cleaner_account_id, service_id, category_id, booking_date, status, is_deleted) VALUES (81, 72, 36, 8, '2025-04-16', 'cancelled', FALSE);
INSERT INTO matching_bookings (homeowner_account_id, cleaner_account_id, service_id, category_id, booking_date, status, is_deleted) VALUES (70, 84, 46, 1, '2025-05-03', 'confirmed', FALSE);
INSERT INTO matching_bookings (homeowner_account_id, cleaner_account_id, service_id, category_id, booking_date, status, is_deleted) VALUES (103, 6, 3, 7, '2025-05-10', 'completed', FALSE);
INSERT INTO matching_bookings (homeowner_account_id, cleaner_account_id, service_id, category_id, booking_date, status, is_deleted) VALUES (81, 72, 35, 5, '2025-04-17', 'cancelled', FALSE);
INSERT INTO matching_bookings (homeowner_account_id, cleaner_account_id, service_id, category_id, booking_date, status, is_deleted) VALUES (39, 6, 3, 7, '2025-04-16', 'completed', FALSE);
INSERT INTO matching_bookings (homeowner_account_id, cleaner_account_id, service_id, category_id, booking_date, status, is_deleted) VALUES (52, 73, 39, 2, '2025-05-08', 'cancelled', FALSE);
INSERT INTO matching_bookings (homeowner_account_id, cleaner_account_id, service_id, category_id, booking_date, status, is_deleted) VALUES (50, 24, 15, 6, '2025-04-11', 'confirmed', FALSE);
INSERT INTO matching_bookings (homeowner_account_id, cleaner_account_id, service_id, category_id, booking_date, status, is_deleted) VALUES (54, 46, 26, 3, '2025-04-15', 'confirmed', FALSE);
INSERT INTO matching_bookings (homeowner_account_id, cleaner_account_id, service_id, category_id, booking_date, status, is_deleted) VALUES (25, 73, 37, 3, '2025-04-22', 'cancelled', FALSE);
INSERT INTO matching_bookings (homeowner_account_id, cleaner_account_id, service_id, category_id, booking_date, status, is_deleted) VALUES (69, 6, 3, 7, '2025-04-26', 'cancelled', FALSE);
INSERT INTO matching_bookings (homeowner_account_id, cleaner_account_id, service_id, category_id, booking_date, status, is_deleted) VALUES (17, 72, 36, 8, '2025-05-05', 'confirmed', FALSE);
INSERT INTO matching_bookings (homeowner_account_id, cleaner_account_id, service_id, category_id, booking_date, status, is_deleted) VALUES (17, 8, 4, 9, '2025-05-05', 'cancelled', FALSE);
INSERT INTO matching_bookings (homeowner_account_id, cleaner_account_id, service_id, category_id, booking_date, status, is_deleted) VALUES (81, 29, 17, 9, '2025-05-06', 'completed', FALSE);
INSERT INTO matching_bookings (homeowner_account_id, cleaner_account_id, service_id, category_id, booking_date, status, is_deleted) VALUES (17, 22, 8, 9, '2025-04-29', 'confirmed', FALSE);
INSERT INTO matching_bookings (homeowner_account_id, cleaner_account_id, service_id, category_id, booking_date, status, is_deleted) VALUES (18, 24, 14, 4, '2025-04-11', 'completed', FALSE);
INSERT INTO matching_bookings (homeowner_account_id, cleaner_account_id, service_id, category_id, booking_date, status, is_deleted) VALUES (100, 80, 42, 3, '2025-05-09', 'cancelled', FALSE);
INSERT INTO matching_bookings (homeowner_account_id, cleaner_account_id, service_id, category_id, booking_date, status, is_deleted) VALUES (21, 36, 24, 1, '2025-04-26', 'confirmed', FALSE);
INSERT INTO matching_bookings (homeowner_account_id, cleaner_account_id, service_id, category_id, booking_date, status, is_deleted) VALUES (100, 6, 3, 7, '2025-05-01', 'completed', FALSE);
INSERT INTO matching_bookings (homeowner_account_id, cleaner_account_id, service_id, category_id, booking_date, status, is_deleted) VALUES (65, 84, 46, 1, '2025-04-21', 'completed', FALSE);
INSERT INTO matching_bookings (homeowner_account_id, cleaner_account_id, service_id, category_id, booking_date, status, is_deleted) VALUES (17, 24, 15, 6, '2025-04-26', 'completed', FALSE);
INSERT INTO matching_bookings (homeowner_account_id, cleaner_account_id, service_id, category_id, booking_date, status, is_deleted) VALUES (58, 101, 51, 2, '2025-04-15', 'completed', FALSE);
INSERT INTO matching_bookings (homeowner_account_id, cleaner_account_id, service_id, category_id, booking_date, status, is_deleted) VALUES (12, 84, 47, 3, '2025-05-05', 'cancelled', FALSE);
INSERT INTO matching_bookings (homeowner_account_id, cleaner_account_id, service_id, category_id, booking_date, status, is_deleted) VALUES (103, 24, 13, 1, '2025-04-22', 'completed', FALSE);
INSERT INTO matching_bookings (homeowner_account_id, cleaner_account_id, service_id, category_id, booking_date, status, is_deleted) VALUES (2, 102, 54, 1, '2025-04-21', 'confirmed', FALSE);
INSERT INTO matching_bookings (homeowner_account_id, cleaner_account_id, service_id, category_id, booking_date, status, is_deleted) VALUES (17, 22, 9, 5, '2025-04-23', 'confirmed', FALSE);
INSERT INTO matching_bookings (homeowner_account_id, cleaner_account_id, service_id, category_id, booking_date, status, is_deleted) VALUES (7, 46, 27, 4, '2025-04-18', 'completed', FALSE);
INSERT INTO matching_bookings (homeowner_account_id, cleaner_account_id, service_id, category_id, booking_date, status, is_deleted) VALUES (52, 22, 8, 9, '2025-04-27', 'completed', FALSE);
INSERT INTO matching_bookings (homeowner_account_id, cleaner_account_id, service_id, category_id, booking_date, status, is_deleted) VALUES (103, 82, 43, 4, '2025-04-13', 'cancelled', FALSE);
INSERT INTO matching_bookings (homeowner_account_id, cleaner_account_id, service_id, category_id, booking_date, status, is_deleted) VALUES (52, 64, 31, 9, '2025-04-13', 'completed', FALSE);
INSERT INTO matching_bookings (homeowner_account_id, cleaner_account_id, service_id, category_id, booking_date, status, is_deleted) VALUES (65, 101, 51, 2, '2025-04-27', 'completed', FALSE);
INSERT INTO matching_bookings (homeowner_account_id, cleaner_account_id, service_id, category_id, booking_date, status, is_deleted) VALUES (70, 8, 4, 9, '2025-05-03', 'completed', FALSE);
INSERT INTO matching_bookings (homeowner_account_id, cleaner_account_id, service_id, category_id, booking_date, status, is_deleted) VALUES (7, 102, 54, 1, '2025-05-02', 'confirmed', FALSE);
INSERT INTO matching_bookings (homeowner_account_id, cleaner_account_id, service_id, category_id, booking_date, status, is_deleted) VALUES (2, 8, 5, 1, '2025-05-01', 'confirmed', FALSE);
INSERT INTO matching_bookings (homeowner_account_id, cleaner_account_id, service_id, category_id, booking_date, status, is_deleted) VALUES (52, 36, 23, 1, '2025-05-02', 'completed', FALSE);
INSERT INTO matching_bookings (homeowner_account_id, cleaner_account_id, service_id, category_id, booking_date, status, is_deleted) VALUES (48, 30, 18, 5, '2025-05-08', 'cancelled', FALSE);
INSERT INTO matching_bookings (homeowner_account_id, cleaner_account_id, service_id, category_id, booking_date, status, is_deleted) VALUES (21, 15, 7, 4, '2025-05-06', 'completed', FALSE);
INSERT INTO matching_bookings (homeowner_account_id, cleaner_account_id, service_id, category_id, booking_date, status, is_deleted) VALUES (2, 98, 50, 3, '2025-04-15', 'cancelled', FALSE);
INSERT INTO matching_bookings (homeowner_account_id, cleaner_account_id, service_id, category_id, booking_date, status, is_deleted) VALUES (76, 66, 33, 4, '2025-05-08', 'completed', FALSE);
INSERT INTO matching_bookings (homeowner_account_id, cleaner_account_id, service_id, category_id, booking_date, status, is_deleted) VALUES (48, 73, 38, 8, '2025-05-04', 'completed', FALSE);
INSERT INTO matching_bookings (homeowner_account_id, cleaner_account_id, service_id, category_id, booking_date, status, is_deleted) VALUES (74, 84, 46, 1, '2025-05-02', 'completed', FALSE);
INSERT INTO matching_bookings (homeowner_account_id, cleaner_account_id, service_id, category_id, booking_date, status, is_deleted) VALUES (50, 84, 45, 9, '2025-04-18', 'confirmed', FALSE);
INSERT INTO matching_bookings (homeowner_account_id, cleaner_account_id, service_id, category_id, booking_date, status, is_deleted) VALUES (54, 24, 13, 1, '2025-04-27', 'confirmed', FALSE);
INSERT INTO matching_bookings (homeowner_account_id, cleaner_account_id, service_id, category_id, booking_date, status, is_deleted) VALUES (2, 79, 40, 2, '2025-04-11', 'cancelled', FALSE);
INSERT INTO matching_bookings (homeowner_account_id, cleaner_account_id, service_id, category_id, booking_date, status, is_deleted) VALUES (70, 36, 23, 1, '2025-04-15', 'completed', FALSE);
INSERT INTO matching_bookings (homeowner_account_id, cleaner_account_id, service_id, category_id, booking_date, status, is_deleted) VALUES (74, 84, 45, 9, '2025-04-22', 'completed', FALSE);
