INSERT INTO user_profiles (profile_name, is_suspended) VALUES ('User Admin', FALSE);
INSERT INTO user_profiles (profile_name, is_suspended) VALUES ('Homeowner', FALSE);
INSERT INTO user_profiles (profile_name, is_suspended) VALUES ('Cleaner', FALSE);
INSERT INTO user_profiles (profile_name, is_suspended) VALUES ('Platform Management', FALSE);
INSERT INTO service_categories (category_name, is_suspended) VALUES ('Home Cleaning', FALSE);
INSERT INTO service_categories (category_name, is_suspended) VALUES ('Deep Cleaning', FALSE);
INSERT INTO service_categories (category_name, is_suspended) VALUES ('Carpet Cleaning', FALSE);
INSERT INTO service_categories (category_name, is_suspended) VALUES ('Window Cleaning', FALSE);
INSERT INTO service_categories (category_name, is_suspended) VALUES ('Office Cleaning', FALSE);
INSERT INTO service_categories (category_name, is_suspended) VALUES ('Move-in/Move-out Cleaning', FALSE);
INSERT INTO service_categories (category_name, is_suspended) VALUES ('Post-Construction Cleaning', TRUE);
INSERT INTO service_categories (category_name, is_suspended) VALUES ('Laundry Services', FALSE);
INSERT INTO service_categories (category_name, is_suspended) VALUES ('Pressure Washing', FALSE);
INSERT INTO user_accounts (ua_username, ua_password, full_name, email, profile_name, profile_id, is_suspended) VALUES ('admin', '1234', 'Admin User', 'admin@example.com', 'User Admin', 1, FALSE);
INSERT INTO user_accounts (ua_username, ua_password, full_name, email, profile_name, profile_id, is_suspended) VALUES ('homeowner', '1234', 'Homeowner User', 'homeowner@example.com', 'Homeowner', 2, FALSE);
INSERT INTO user_accounts (ua_username, ua_password, full_name, email, profile_name, profile_id, is_suspended) VALUES ('cleaner', '1234', 'Cleaner User', 'cleaner@example.com', 'Cleaner', 3, FALSE);
INSERT INTO user_accounts (ua_username, ua_password, full_name, email, profile_name, profile_id, is_suspended) VALUES ('platformmgmt', '1234', 'Platform Mgmt User', 'platformmgmt@example.com', 'Platform Management', 4, FALSE);
INSERT INTO user_accounts (ua_username, ua_password, full_name, email, profile_name, profile_id, is_suspended) VALUES ('carpentertimothy', '%)2dDKs+n^', 'Betty Carrillo', 'pboyd@example.org', 'User Admin', 1, TRUE);
INSERT INTO user_accounts (ua_username, ua_password, full_name, email, profile_name, profile_id, is_suspended) VALUES ('charles91', '_tG8UNrV%Q', 'Douglas Spencer', 'kirsten87@example.com', 'User Admin', 1, FALSE);
INSERT INTO user_accounts (ua_username, ua_password, full_name, email, profile_name, profile_id, is_suspended) VALUES ('patricia51', '(ZDB2ukdW8', 'Jonathan Ward', 'robert97@example.org', 'User Admin', 1, TRUE);
INSERT INTO user_accounts (ua_username, ua_password, full_name, email, profile_name, profile_id, is_suspended) VALUES ('christian01', '@h3QDHzcc7', 'Caitlin Fuller', 'timothy99@example.net', 'Cleaner', 3, FALSE);
INSERT INTO user_accounts (ua_username, ua_password, full_name, email, profile_name, profile_id, is_suspended) VALUES ('matthew84', '36*MBgnd%q', 'Carl Mayo', 'barbarali@example.com', 'User Admin', 1, FALSE);
INSERT INTO user_accounts (ua_username, ua_password, full_name, email, profile_name, profile_id, is_suspended) VALUES ('dawnnorman', '$bs+QEq%K3', 'Anthony Howard', 'jennifer21@example.org', 'Platform Management', 4, FALSE);
INSERT INTO user_accounts (ua_username, ua_password, full_name, email, profile_name, profile_id, is_suspended) VALUES ('esalinas', '2lT2FXJ$+8', 'Frank Nichols', 'zachary85@example.com', 'Cleaner', 3, FALSE);
INSERT INTO user_accounts (ua_username, ua_password, full_name, email, profile_name, profile_id, is_suspended) VALUES ('zacharyparker', 'xu9ASHZj*m', 'Catherine Lyons', 'christine81@example.org', 'Platform Management', 4, FALSE);
INSERT INTO user_accounts (ua_username, ua_password, full_name, email, profile_name, profile_id, is_suspended) VALUES ('rkrueger', 'P@I7Um^8e!', 'Charles Gibson', 'tinawilliamson@example.org', 'Homeowner', 2, FALSE);
INSERT INTO user_accounts (ua_username, ua_password, full_name, email, profile_name, profile_id, is_suspended) VALUES ('josephbecker', '28NbFuJB%n', 'Ricardo Smith', 'aprilberg@example.org', 'Platform Management', 4, FALSE);
INSERT INTO user_accounts (ua_username, ua_password, full_name, email, profile_name, profile_id, is_suspended) VALUES ('jacqueline15', 'ri4BeTL2F+', 'Randall Brooks', 'casey26@example.org', 'Cleaner', 3, FALSE);
INSERT INTO user_accounts (ua_username, ua_password, full_name, email, profile_name, profile_id, is_suspended) VALUES ('kevinnguyen', '(Bo9YGc^DW', 'Robert Ross', 'ftaylor@example.net', 'Homeowner', 2, FALSE);
INSERT INTO user_accounts (ua_username, ua_password, full_name, email, profile_name, profile_id, is_suspended) VALUES ('hwalker', '*8WRY&&Anc', 'Morgan Stone', 'michael33@example.org', 'Cleaner', 3, FALSE);
INSERT INTO user_accounts (ua_username, ua_password, full_name, email, profile_name, profile_id, is_suspended) VALUES ('rachel28', '@YDa_Vne3e', 'Garrett Chavez', 'estradamary@example.com', 'Homeowner', 2, FALSE);
INSERT INTO user_accounts (ua_username, ua_password, full_name, email, profile_name, profile_id, is_suspended) VALUES ('terrigardner', 'Xc75nM3q%7', 'Tiffany Jordan', 'jaredmiller@example.net', 'Platform Management', 4, TRUE);
INSERT INTO user_accounts (ua_username, ua_password, full_name, email, profile_name, profile_id, is_suspended) VALUES ('jamesgraham', '&RZT@9Hj5v', 'William Merritt', 'jerry31@example.net', 'Homeowner', 2, TRUE);
INSERT INTO user_accounts (ua_username, ua_password, full_name, email, profile_name, profile_id, is_suspended) VALUES ('rodriguezjacob', 'x)9zdxPogN', 'John Martinez', 'hnelson@example.net', 'User Admin', 1, FALSE);
INSERT INTO user_accounts (ua_username, ua_password, full_name, email, profile_name, profile_id, is_suspended) VALUES ('uhenderson', '9UFgABpO!6', 'Randall Jenkins', 'phillipsanthony@example.org', 'Homeowner', 2, FALSE);
INSERT INTO user_accounts (ua_username, ua_password, full_name, email, profile_name, profile_id, is_suspended) VALUES ('uevans', '@8#^IZ6etO', 'John Dorsey', 'pittmandavid@example.com', 'User Admin', 1, FALSE);
INSERT INTO user_accounts (ua_username, ua_password, full_name, email, profile_name, profile_id, is_suspended) VALUES ('john20', 'B4$59tMb_Q', 'Matthew May', 'autumn94@example.org', 'Cleaner', 3, FALSE);
INSERT INTO user_accounts (ua_username, ua_password, full_name, email, profile_name, profile_id, is_suspended) VALUES ('ortegagerald', 'JnxTh)GS#6', 'Amy Bishop', 'aprilcrawford@example.org', 'Cleaner', 3, FALSE);
INSERT INTO user_accounts (ua_username, ua_password, full_name, email, profile_name, profile_id, is_suspended) VALUES ('bwest', '8xV!bEwm!i', 'Charles Smith', 'estone@example.com', 'Platform Management', 4, FALSE);
INSERT INTO user_accounts (ua_username, ua_password, full_name, email, profile_name, profile_id, is_suspended) VALUES ('ksmith', 'bi_jW88Y!5', 'Paula Roberts', 'collierjames@example.org', 'Homeowner', 2, FALSE);
INSERT INTO user_accounts (ua_username, ua_password, full_name, email, profile_name, profile_id, is_suspended) VALUES ('pthompson', '&t7OCSDE1w', 'Joel Benson', 'alexandergonzalez@example.com', 'Platform Management', 4, FALSE);
INSERT INTO user_accounts (ua_username, ua_password, full_name, email, profile_name, profile_id, is_suspended) VALUES ('brownjean', '#XGqGRs03V', 'Sarah Grant', 'hrodriguez@example.com', 'Homeowner', 2, FALSE);
INSERT INTO user_accounts (ua_username, ua_password, full_name, email, profile_name, profile_id, is_suspended) VALUES ('snyderjoseph', '_%3%VVK36b', 'Ariana Welch', 'wallacejennifer@example.com', 'Cleaner', 3, FALSE);
INSERT INTO user_accounts (ua_username, ua_password, full_name, email, profile_name, profile_id, is_suspended) VALUES ('moralesgabriela', 'P#2TSmvmGi', 'Steven Black', 'terryamy@example.org', 'Homeowner', 2, TRUE);
INSERT INTO user_accounts (ua_username, ua_password, full_name, email, profile_name, profile_id, is_suspended) VALUES ('jakejones', '$YC8eFnd@A', 'Brandon Kerr', 'juliabaker@example.com', 'Cleaner', 3, FALSE);
INSERT INTO user_accounts (ua_username, ua_password, full_name, email, profile_name, profile_id, is_suspended) VALUES ('josecarr', 'Nbr3gP5y@B', 'Cassandra Neal', 'charles88@example.org', 'Platform Management', 4, FALSE);
INSERT INTO user_accounts (ua_username, ua_password, full_name, email, profile_name, profile_id, is_suspended) VALUES ('barbara94', 's4RSiTPbj&', 'Tiffany Carney', 'howardcindy@example.net', 'Cleaner', 3, FALSE);
INSERT INTO user_accounts (ua_username, ua_password, full_name, email, profile_name, profile_id, is_suspended) VALUES ('christopher22', 'p#q4PKhxGw', 'Emily Roberson', 'hinesalyssa@example.org', 'Platform Management', 4, FALSE);
INSERT INTO user_accounts (ua_username, ua_password, full_name, email, profile_name, profile_id, is_suspended) VALUES ('reedmelissa', '*j_J2Qei5W', 'Andrew Leblanc', 'bradywood@example.org', 'Homeowner', 2, FALSE);
INSERT INTO user_accounts (ua_username, ua_password, full_name, email, profile_name, profile_id, is_suspended) VALUES ('steven48', 'x28N6lEi+4', 'Jaime Ray', 'kelsey41@example.net', 'Homeowner', 2, FALSE);
INSERT INTO user_accounts (ua_username, ua_password, full_name, email, profile_name, profile_id, is_suspended) VALUES ('dianemartin', ')3+OSGcDys', 'Shawn Case', 'brandonjackson@example.org', 'Cleaner', 3, FALSE);
INSERT INTO user_accounts (ua_username, ua_password, full_name, email, profile_name, profile_id, is_suspended) VALUES ('casey51', 'LO#8KL4xzc', 'John Smith', 'robin07@example.com', 'Platform Management', 4, FALSE);
INSERT INTO user_accounts (ua_username, ua_password, full_name, email, profile_name, profile_id, is_suspended) VALUES ('cassidyellis', '(N1OEDs%ne', 'Thomas Lewis', 'timothyhamilton@example.com', 'User Admin', 1, TRUE);
INSERT INTO user_accounts (ua_username, ua_password, full_name, email, profile_name, profile_id, is_suspended) VALUES ('paulashley', '^3GoCM8x(A', 'Sarah Brown', 'thomaspalmer@example.org', 'Cleaner', 3, FALSE);
INSERT INTO user_accounts (ua_username, ua_password, full_name, email, profile_name, profile_id, is_suspended) VALUES ('diana37', 'k)4kxZok&L', 'Dustin Sutton', 'stephanie60@example.org', 'Homeowner', 2, TRUE);
INSERT INTO user_accounts (ua_username, ua_password, full_name, email, profile_name, profile_id, is_suspended) VALUES ('micheal67', '!6@KP+(qPX', 'David Gordon', 'youngsamantha@example.net', 'Cleaner', 3, FALSE);
INSERT INTO user_accounts (ua_username, ua_password, full_name, email, profile_name, profile_id, is_suspended) VALUES ('michelle34', 'l!53hHq%ds', 'Gloria Gonzalez', 'qreese@example.net', 'Platform Management', 4, TRUE);
INSERT INTO user_accounts (ua_username, ua_password, full_name, email, profile_name, profile_id, is_suspended) VALUES ('boydrobert', '1$5#YebF5t', 'Lance Smith', 'vferguson@example.net', 'User Admin', 1, FALSE);
INSERT INTO user_accounts (ua_username, ua_password, full_name, email, profile_name, profile_id, is_suspended) VALUES ('madelinetaylor', '+6OTNnw%a1', 'Brittany Martin', 'williamsjeremy@example.com', 'User Admin', 1, FALSE);
INSERT INTO user_accounts (ua_username, ua_password, full_name, email, profile_name, profile_id, is_suspended) VALUES ('ray25', '*#v9Re2wqS', 'Gary Vasquez', 'olivia50@example.org', 'Platform Management', 4, FALSE);
INSERT INTO user_accounts (ua_username, ua_password, full_name, email, profile_name, profile_id, is_suspended) VALUES ('richardstewart', 'X+vPp3Xg7v', 'Devon Cook', 'wallacespencer@example.net', 'Homeowner', 2, FALSE);
INSERT INTO user_accounts (ua_username, ua_password, full_name, email, profile_name, profile_id, is_suspended) VALUES ('ricky31', 'a7!RIi$i@d', 'Melanie Garcia', 'qhernandez@example.net', 'Homeowner', 2, FALSE);
INSERT INTO user_accounts (ua_username, ua_password, full_name, email, profile_name, profile_id, is_suspended) VALUES ('trevorwilliams', 'I#e@65EjAP', 'Jason Mcbride II', 'obrown@example.net', 'User Admin', 1, FALSE);
INSERT INTO user_accounts (ua_username, ua_password, full_name, email, profile_name, profile_id, is_suspended) VALUES ('sponce', 'n%wq)cUyS4', 'Christine Lopez', 'charlesclark@example.net', 'Cleaner', 3, FALSE);
INSERT INTO user_accounts (ua_username, ua_password, full_name, email, profile_name, profile_id, is_suspended) VALUES ('ryanholmes', 's35iaAMn*9', 'James Graves', 'christianwalker@example.com', 'Cleaner', 3, FALSE);
INSERT INTO user_accounts (ua_username, ua_password, full_name, email, profile_name, profile_id, is_suspended) VALUES ('baileyvanessa', '#9hb_mUJ%v', 'Brittany Gray', 'matthew00@example.org', 'Cleaner', 3, FALSE);
INSERT INTO user_accounts (ua_username, ua_password, full_name, email, profile_name, profile_id, is_suspended) VALUES ('pklein', 'd%4XkVFHKb', 'Courtney Warner', 'tiffanycarr@example.org', 'Cleaner', 3, FALSE);
INSERT INTO user_accounts (ua_username, ua_password, full_name, email, profile_name, profile_id, is_suspended) VALUES ('jennifer79', '@7VB$vp(81', 'Justin Martinez', 'elizabethwoodward@example.com', 'Cleaner', 3, FALSE);
INSERT INTO user_accounts (ua_username, ua_password, full_name, email, profile_name, profile_id, is_suspended) VALUES ('istevenson', 'bN2NFsst##', 'Brian Fleming', 'johnsongary@example.org', 'User Admin', 1, FALSE);
INSERT INTO user_accounts (ua_username, ua_password, full_name, email, profile_name, profile_id, is_suspended) VALUES ('maddoxlisa', ')74OfY&@i!', 'Charles Barker', 'smithphillip@example.org', 'Cleaner', 3, FALSE);
INSERT INTO user_accounts (ua_username, ua_password, full_name, email, profile_name, profile_id, is_suspended) VALUES ('campbellsheila', '#JB12Fg4X9', 'Steven Walker', 'andre63@example.org', 'User Admin', 1, FALSE);
INSERT INTO user_accounts (ua_username, ua_password, full_name, email, profile_name, profile_id, is_suspended) VALUES ('zachary44', 'B!8I4Uj9(X', 'Brandon Farmer', 'kspencer@example.net', 'Homeowner', 2, TRUE);
INSERT INTO user_accounts (ua_username, ua_password, full_name, email, profile_name, profile_id, is_suspended) VALUES ('phughes', 'w3$6N38l*H', 'Ronald Bailey', 'christianmiller@example.org', 'Homeowner', 2, FALSE);
INSERT INTO user_accounts (ua_username, ua_password, full_name, email, profile_name, profile_id, is_suspended) VALUES ('zpreston', '(*p61Aa30A', 'Dale Lopez', 'dickersonangela@example.com', 'Cleaner', 3, FALSE);
INSERT INTO user_accounts (ua_username, ua_password, full_name, email, profile_name, profile_id, is_suspended) VALUES ('jessicawhite', 'a(Vlafj0&3', 'Jonathan Mccormick', 'graykathryn@example.com', 'Platform Management', 4, FALSE);
INSERT INTO user_accounts (ua_username, ua_password, full_name, email, profile_name, profile_id, is_suspended) VALUES ('kochjoy', '^dO+l@Wb@3', 'Barbara Perry', 'roger20@example.org', 'Homeowner', 2, FALSE);
INSERT INTO user_accounts (ua_username, ua_password, full_name, email, profile_name, profile_id, is_suspended) VALUES ('fernandojennings', '%!G#O6JqZi', 'Andre Perez', 'michael93@example.org', 'User Admin', 1, FALSE);
INSERT INTO user_accounts (ua_username, ua_password, full_name, email, profile_name, profile_id, is_suspended) VALUES ('susan94', '*9j5YDXtmM', 'Crystal Ryan', 'adamsannette@example.com', 'User Admin', 1, FALSE);
INSERT INTO user_accounts (ua_username, ua_password, full_name, email, profile_name, profile_id, is_suspended) VALUES ('allenelizabeth', '@E$0Xz3afm', 'Denise Clarke', 'herrerarachel@example.net', 'Cleaner', 3, FALSE);
INSERT INTO user_accounts (ua_username, ua_password, full_name, email, profile_name, profile_id, is_suspended) VALUES ('tiffanyrangel', '&OWAJG8r4d', 'Derek Campbell', 'burnettjames@example.org', 'Platform Management', 4, FALSE);
INSERT INTO user_accounts (ua_username, ua_password, full_name, email, profile_name, profile_id, is_suspended) VALUES ('edwardslisa', '(YSuwpA)E1', 'Chelsea Wall', 'brianagrant@example.org', 'Cleaner', 3, FALSE);
INSERT INTO user_accounts (ua_username, ua_password, full_name, email, profile_name, profile_id, is_suspended) VALUES ('mirandajose', 'D_YB3Ng8bE', 'Susan Barber', 'solomonphillip@example.org', 'Platform Management', 4, FALSE);
INSERT INTO user_accounts (ua_username, ua_password, full_name, email, profile_name, profile_id, is_suspended) VALUES ('gthompson', '4!2A3Fw$UI', 'Marc Wagner', 'christina99@example.org', 'Cleaner', 3, FALSE);
INSERT INTO user_accounts (ua_username, ua_password, full_name, email, profile_name, profile_id, is_suspended) VALUES ('bjennings', 'b3l0K$jo8_', 'Cassandra Mcdaniel', 'vincentryan@example.com', 'Cleaner', 3, FALSE);
INSERT INTO user_accounts (ua_username, ua_password, full_name, email, profile_name, profile_id, is_suspended) VALUES ('ericgreen', '^4rQ0_FlP2', 'Ernest Green', 'evansleslie@example.net', 'User Admin', 1, FALSE);
INSERT INTO user_accounts (ua_username, ua_password, full_name, email, profile_name, profile_id, is_suspended) VALUES ('codyroberts', '*cWLMry4h8', 'Wendy Tucker', 'jose06@example.net', 'User Admin', 1, FALSE);
INSERT INTO user_accounts (ua_username, ua_password, full_name, email, profile_name, profile_id, is_suspended) VALUES ('smithmackenzie', ')9JrKPazkT', 'Eric Carrillo', 'beckerdaniel@example.net', 'User Admin', 1, FALSE);
INSERT INTO user_accounts (ua_username, ua_password, full_name, email, profile_name, profile_id, is_suspended) VALUES ('carolchan', '$0$Aj5E3Gw', 'Valerie Chen', 'garciatyler@example.com', 'User Admin', 1, FALSE);
INSERT INTO user_accounts (ua_username, ua_password, full_name, email, profile_name, profile_id, is_suspended) VALUES ('jessicarasmussen', '(1&Vb@!R)%', 'Jessica Fuller', 'michaelmorgan@example.org', 'Cleaner', 3, FALSE);
INSERT INTO user_accounts (ua_username, ua_password, full_name, email, profile_name, profile_id, is_suspended) VALUES ('dustin65', 'w8@JmD8z^l', 'Mary Phillips', 'joshualang@example.com', 'Cleaner', 3, FALSE);
INSERT INTO user_accounts (ua_username, ua_password, full_name, email, profile_name, profile_id, is_suspended) VALUES ('sprice', 'G6JaFA2u(H', 'Melanie Stevens', 'fmitchell@example.net', 'Cleaner', 3, FALSE);
INSERT INTO user_accounts (ua_username, ua_password, full_name, email, profile_name, profile_id, is_suspended) VALUES ('stonekatelyn', '@6IMi^muC%', 'Jennifer Hernandez', 'beardjeffrey@example.net', 'Platform Management', 4, FALSE);
INSERT INTO user_accounts (ua_username, ua_password, full_name, email, profile_name, profile_id, is_suspended) VALUES ('jacobjames', '@1e8W(wbr6', 'Amanda Sanders', 'ewingandrew@example.com', 'Cleaner', 3, FALSE);
INSERT INTO user_accounts (ua_username, ua_password, full_name, email, profile_name, profile_id, is_suspended) VALUES ('pamela53', 'G(0Ab&0yr1', 'Robert Martinez', 'tranjimmy@example.net', 'Platform Management', 4, FALSE);
INSERT INTO user_accounts (ua_username, ua_password, full_name, email, profile_name, profile_id, is_suspended) VALUES ('lindseyescobar', '!c8FLk%+IZ', 'Adam Matthews', 'vosborne@example.org', 'Platform Management', 4, FALSE);
INSERT INTO user_accounts (ua_username, ua_password, full_name, email, profile_name, profile_id, is_suspended) VALUES ('christopher98', '+F*Dalxzp6', 'Amy Thomas', 'davidhines@example.net', 'Cleaner', 3, TRUE);
INSERT INTO user_accounts (ua_username, ua_password, full_name, email, profile_name, profile_id, is_suspended) VALUES ('dunnmatthew', '(f3VVRgVhN', 'Shawn Brown', 'maria06@example.net', 'User Admin', 1, FALSE);
INSERT INTO user_accounts (ua_username, ua_password, full_name, email, profile_name, profile_id, is_suspended) VALUES ('fwatson', 'lCkE19Qz#N', 'Christina Holt', 'fgraves@example.net', 'User Admin', 1, FALSE);
INSERT INTO user_accounts (ua_username, ua_password, full_name, email, profile_name, profile_id, is_suspended) VALUES ('angiedonaldson', 'i5y8Tq9mr)', 'Karen Blackwell', 'bellis@example.com', 'Homeowner', 2, FALSE);
INSERT INTO user_accounts (ua_username, ua_password, full_name, email, profile_name, profile_id, is_suspended) VALUES ('williamspamela', '@L$71FVprI', 'Amanda Lara', 'blakedebra@example.org', 'Homeowner', 2, FALSE);
INSERT INTO user_accounts (ua_username, ua_password, full_name, email, profile_name, profile_id, is_suspended) VALUES ('jessicajensen', '@C6W%wZo37', 'Justin Bryant', 'shannon11@example.org', 'Homeowner', 2, FALSE);
INSERT INTO user_accounts (ua_username, ua_password, full_name, email, profile_name, profile_id, is_suspended) VALUES ('dchang', 'h)X2nC#uuU', 'Anthony Williams', 'xmurphy@example.net', 'Cleaner', 3, FALSE);
INSERT INTO user_accounts (ua_username, ua_password, full_name, email, profile_name, profile_id, is_suspended) VALUES ('jasonmartin', 'Yc*2BWPh9f', 'Lisa Allen', 'jessica13@example.org', 'Cleaner', 3, TRUE);
INSERT INTO user_accounts (ua_username, ua_password, full_name, email, profile_name, profile_id, is_suspended) VALUES ('obates', '@9rQRX@tih', 'William Greer', 'travismorgan@example.net', 'Homeowner', 2, FALSE);
INSERT INTO user_accounts (ua_username, ua_password, full_name, email, profile_name, profile_id, is_suspended) VALUES ('tylerkelly', '7!9(_Yc6o+', 'Jennifer Arroyo', 'zjimenez@example.com', 'Homeowner', 2, FALSE);
INSERT INTO user_accounts (ua_username, ua_password, full_name, email, profile_name, profile_id, is_suspended) VALUES ('wmeza', '3V17DcUzQ!', 'Jennifer Sheppard', 'steelealexis@example.net', 'Cleaner', 3, FALSE);
INSERT INTO user_accounts (ua_username, ua_password, full_name, email, profile_name, profile_id, is_suspended) VALUES ('chanmargaret', 'a*33&aDp5$', 'Jessica Skinner', 'esparzaderek@example.org', 'Cleaner', 3, FALSE);
INSERT INTO user_accounts (ua_username, ua_password, full_name, email, profile_name, profile_id, is_suspended) VALUES ('stacysingleton', 'V0BOLRan*5', 'Jason Harris', 'daniellegill@example.net', 'User Admin', 1, TRUE);
INSERT INTO user_accounts (ua_username, ua_password, full_name, email, profile_name, profile_id, is_suspended) VALUES ('brandon42', 'vV7KtDm1o&', 'David Morgan', 'brianjoyce@example.net', 'Cleaner', 3, FALSE);
INSERT INTO user_accounts (ua_username, ua_password, full_name, email, profile_name, profile_id, is_suspended) VALUES ('ortizjessica', 'P7(EEX5h+v', 'Bradley Smith', 'christopher86@example.net', 'Homeowner', 2, FALSE);
INSERT INTO user_accounts (ua_username, ua_password, full_name, email, profile_name, profile_id, is_suspended) VALUES ('coxerin', 'Sj2nX)tsh$', 'Courtney Tucker', 'diana37@example.net', 'Platform Management', 4, FALSE);
INSERT INTO user_accounts (ua_username, ua_password, full_name, email, profile_name, profile_id, is_suspended) VALUES ('jamescolon', 'V8mubcZj#f', 'Amy Stark', 'qlee@example.com', 'Platform Management', 4, FALSE);
INSERT INTO user_accounts (ua_username, ua_password, full_name, email, profile_name, profile_id, is_suspended) VALUES ('javier09', '(jk29WphaB', 'Francisco Johnson', 'ryan08@example.org', 'Homeowner', 2, FALSE);
INSERT INTO user_accounts (ua_username, ua_password, full_name, email, profile_name, profile_id, is_suspended) VALUES ('seanhardy', '@2J^Fmvh(9', 'Edgar Richards', 'tonya12@example.net', 'Platform Management', 4, TRUE);
INSERT INTO user_accounts (ua_username, ua_password, full_name, email, profile_name, profile_id, is_suspended) VALUES ('pfranklin', 'yV7_XWRb#k', 'Amanda Flowers', 'perezmichael@example.org', 'User Admin', 1, FALSE);
INSERT INTO user_accounts (ua_username, ua_password, full_name, email, profile_name, profile_id, is_suspended) VALUES ('grayrobert', '#sEncEdha1', 'Christopher Harris', 'andrewcampbell@example.com', 'Homeowner', 2, FALSE);
INSERT INTO user_accounts (ua_username, ua_password, full_name, email, profile_name, profile_id, is_suspended) VALUES ('xpierce', 'wG!w0Kic_^', 'Mrs. Megan Griffith', 'nicole46@example.org', 'User Admin', 1, FALSE);
INSERT INTO cleaner_services (cleaner_account_id, category_id, title, description, price, availability, is_suspended, created_at, updated_at) VALUES (3, 8, 'Deep Spring Cleaning', 'Fast and efficient cleaning for apartments.', 170.37, 'Flexible', TRUE, '2025-05-05 08:32:55', '2025-05-05 08:32:55');
INSERT INTO cleaner_services (cleaner_account_id, category_id, title, description, price, availability, is_suspended, created_at, updated_at) VALUES (68, 7, 'Quick Home Clean', 'Interior and exterior window cleaning for homes up to 2 stories.', 103.91, 'Mon-Fri 6pm-10pm', FALSE, '2025-05-08 21:41:21', '2025-05-08 21:41:21');
INSERT INTO cleaner_services (cleaner_account_id, category_id, title, description, price, availability, is_suspended, created_at, updated_at) VALUES (38, 7, 'Standard Home Cleaning', 'Move-out cleaning with attention to detail.', 75.2, 'By appointment', FALSE, '2025-05-13 18:37:33', '2025-05-13 18:37:33');
INSERT INTO cleaner_services (cleaner_account_id, category_id, title, description, price, availability, is_suspended, created_at, updated_at) VALUES (51, 3, 'Standard Home Cleaning', 'Professional carpet shampooing and stain removal for up to 3 rooms.', 62.98, 'Weekends 10am-4pm', FALSE, '2025-05-14 00:14:05', '2025-05-14 00:14:05');
INSERT INTO cleaner_services (cleaner_account_id, category_id, title, description, price, availability, is_suspended, created_at, updated_at) VALUES (11, 2, 'Post-Reno Cleanup', 'Stain removal and deep carpet cleaning.', 141.96, 'Fri 2pm-6pm', TRUE, '2025-04-27 15:04:56', '2025-04-27 15:04:56');
INSERT INTO cleaner_services (cleaner_account_id, category_id, title, description, price, availability, is_suspended, created_at, updated_at) VALUES (94, 4, 'Laundry Pickup & Delivery', 'Comprehensive deep cleaning for large homes.', 209.34, 'By appointment', FALSE, '2025-05-13 01:09:58', '2025-05-13 01:09:58');
INSERT INTO cleaner_services (cleaner_account_id, category_id, title, description, price, availability, is_suspended, created_at, updated_at) VALUES (53, 9, 'Upholstery Cleaning', 'High-pressure cleaning for driveways, patios, and exterior walls.', 200.59, 'Weekends 10am-4pm', FALSE, '2025-04-23 10:46:30', '2025-04-23 10:46:30');
INSERT INTO cleaner_services (cleaner_account_id, category_id, title, description, price, availability, is_suspended, created_at, updated_at) VALUES (43, 6, 'Crystal Clear Windows', 'High-pressure cleaning for driveways, patios, and exterior walls.', 147.06, 'Sat 9am-3pm', FALSE, '2025-05-04 09:49:48', '2025-05-04 09:49:48');
INSERT INTO cleaner_services (cleaner_account_id, category_id, title, description, price, availability, is_suspended, created_at, updated_at) VALUES (15, 8, 'Crystal Clear Windows', 'Move-out cleaning with attention to detail.', 209.2, 'By appointment', FALSE, '2025-05-10 11:57:36', '2025-05-10 11:57:36');
INSERT INTO cleaner_services (cleaner_account_id, category_id, title, description, price, availability, is_suspended, created_at, updated_at) VALUES (25, 3, 'Move-in/Move-out Package', 'Regular office cleaning including workspaces, restrooms, and common areas.', 178.34, 'Sat 9am-3pm', FALSE, '2025-05-15 13:35:04', '2025-05-15 13:35:04');
INSERT INTO cleaner_services (cleaner_account_id, category_id, title, description, price, availability, is_suspended, created_at, updated_at) VALUES (41, 4, 'Carpet Refresh', 'High-pressure cleaning for driveways, patios, and exterior walls.', 126.18, 'Mon-Fri 8am-12pm', FALSE, '2025-04-22 10:54:56', '2025-04-22 10:54:56');
INSERT INTO cleaner_services (cleaner_account_id, category_id, title, description, price, availability, is_suspended, created_at, updated_at) VALUES (3, 6, 'Move-in/Move-out Package', 'Move-out cleaning with attention to detail.', 122.13, 'Mon-Fri 6pm-10pm', FALSE, '2025-05-02 09:44:45', '2025-05-02 09:44:45');
INSERT INTO cleaner_services (cleaner_account_id, category_id, title, description, price, availability, is_suspended, created_at, updated_at) VALUES (8, 6, 'Deep Clean Deluxe', 'Comprehensive deep cleaning for large homes.', 138.14, 'Sat 10am-2pm', TRUE, '2025-05-12 03:52:59', '2025-05-12 03:52:59');
INSERT INTO cleaner_services (cleaner_account_id, category_id, title, description, price, availability, is_suspended, created_at, updated_at) VALUES (15, 3, 'Deep Spring Cleaning', 'Wash, dry, fold, and delivery service for weekly laundry.', 94.93, 'Mon, Wed, Fri 1pm-6pm', FALSE, '2025-05-05 02:25:55', '2025-05-05 02:25:55');
INSERT INTO cleaner_services (cleaner_account_id, category_id, title, description, price, availability, is_suspended, created_at, updated_at) VALUES (90, 5, 'Carpet Rescue', 'Regular office cleaning including workspaces, restrooms, and common areas.', 71.05, 'Mon, Wed, Fri 1pm-6pm', FALSE, '2025-05-10 18:10:05', '2025-05-10 18:10:05');
INSERT INTO cleaner_services (cleaner_account_id, category_id, title, description, price, availability, is_suspended, created_at, updated_at) VALUES (17, 5, 'Upholstery Cleaning', 'Intensive cleaning including appliances, baseboards, and hard-to-reach areas.', 172.67, 'Mon, Wed, Fri 1pm-6pm', FALSE, '2025-05-04 20:33:55', '2025-05-04 20:33:55');
INSERT INTO cleaner_services (cleaner_account_id, category_id, title, description, price, availability, is_suspended, created_at, updated_at) VALUES (51, 6, 'Move-Out Special', 'Intensive cleaning including appliances, baseboards, and hard-to-reach areas.', 101.18, 'Sat 9am-3pm', FALSE, '2025-05-12 10:33:30', '2025-05-12 10:33:30');
INSERT INTO cleaner_services (cleaner_account_id, category_id, title, description, price, availability, is_suspended, created_at, updated_at) VALUES (30, 9, 'Post-Reno Cleanup', 'Interior and exterior window cleaning for homes up to 2 stories.', 146.63, 'Mon-Fri 8am-12pm', TRUE, '2025-05-02 01:41:19', '2025-05-02 01:41:19');
INSERT INTO cleaner_services (cleaner_account_id, category_id, title, description, price, availability, is_suspended, created_at, updated_at) VALUES (78, 8, 'Carpet Rescue', 'Steam cleaning for sofas, chairs, and other furniture.', 111.36, 'Sat 9am-3pm', FALSE, '2025-04-27 05:14:06', '2025-04-27 05:14:06');
INSERT INTO cleaner_services (cleaner_account_id, category_id, title, description, price, availability, is_suspended, created_at, updated_at) VALUES (34, 6, 'Post-Reno Cleanup', 'Professional window cleaning for homes.', 91.49, 'Sat 9am-3pm', FALSE, '2025-04-28 10:49:27', '2025-04-28 10:49:27');
INSERT INTO cleaner_services (cleaner_account_id, category_id, title, description, price, availability, is_suspended, created_at, updated_at) VALUES (93, 1, 'Post-Construction Cleanup', 'Regular office cleaning including workspaces, restrooms, and common areas.', 116.98, 'Sat 9am-3pm', FALSE, '2025-04-17 10:33:08', '2025-04-17 10:33:08');
INSERT INTO cleaner_services (cleaner_account_id, category_id, title, description, price, availability, is_suspended, created_at, updated_at) VALUES (3, 6, 'Crystal Clear Windows', 'Cleaning after construction or renovation.', 130.62, 'Mon-Fri 9am-5pm', FALSE, '2025-04-24 06:28:48', '2025-04-24 06:28:48');
INSERT INTO cleaner_services (cleaner_account_id, category_id, title, description, price, availability, is_suspended, created_at, updated_at) VALUES (52, 7, 'Move-Out Special', 'Stain removal and deep carpet cleaning.', 107.17, 'Flexible', TRUE, '2025-05-03 15:14:44', '2025-05-03 15:14:44');
INSERT INTO cleaner_services (cleaner_account_id, category_id, title, description, price, availability, is_suspended, created_at, updated_at) VALUES (24, 3, 'Move-Out Special', 'Professional window cleaning for homes.', 159.8, 'Sat-Sun 8am-12pm', FALSE, '2025-04-25 04:04:50', '2025-04-25 04:04:50');
INSERT INTO cleaner_services (cleaner_account_id, category_id, title, description, price, availability, is_suspended, created_at, updated_at) VALUES (34, 2, 'Post-Reno Cleanup', 'Intensive cleaning including appliances, baseboards, and hard-to-reach areas.', 45.48, 'Sat 9am-3pm', FALSE, '2025-05-08 17:38:29', '2025-05-08 17:38:29');
INSERT INTO cleaner_services (cleaner_account_id, category_id, title, description, price, availability, is_suspended, created_at, updated_at) VALUES (25, 2, 'Standard Home Cleaning', 'Professional carpet shampooing and stain removal for up to 3 rooms.', 229.77, 'Fri 2pm-6pm', FALSE, '2025-04-19 20:54:30', '2025-04-19 20:54:30');
INSERT INTO cleaner_services (cleaner_account_id, category_id, title, description, price, availability, is_suspended, created_at, updated_at) VALUES (61, 7, 'Carpet Refresh', 'Move-out cleaning with attention to detail.', 183.71, 'Mon-Fri 9am-5pm', TRUE, '2025-05-12 15:37:54', '2025-05-12 15:37:54');
INSERT INTO cleaner_services (cleaner_account_id, category_id, title, description, price, availability, is_suspended, created_at, updated_at) VALUES (32, 7, 'Move-Out Special', 'Interior and exterior window cleaning for homes up to 2 stories.', 121.89, 'Tue, Thu 10am-2pm', FALSE, '2025-04-19 23:55:57', '2025-04-19 23:55:57');
INSERT INTO cleaner_services (cleaner_account_id, category_id, title, description, price, availability, is_suspended, created_at, updated_at) VALUES (70, 4, 'Post-Construction Cleanup', 'Complete cleaning for moving in or out, including inside cabinets and appliances.', 89.8, 'Flexible', FALSE, '2025-04-17 11:00:16', '2025-04-17 11:00:16');
INSERT INTO cleaner_services (cleaner_account_id, category_id, title, description, price, availability, is_suspended, created_at, updated_at) VALUES (80, 9, 'Office Shine', 'Professional window cleaning for homes.', 132.51, 'Tue, Thu 10am-2pm', FALSE, '2025-04-30 09:48:53', '2025-04-30 09:48:53');
INSERT INTO cleaner_services (cleaner_account_id, category_id, title, description, price, availability, is_suspended, created_at, updated_at) VALUES (38, 3, 'Deep Clean Deluxe', 'Move-out cleaning with attention to detail.', 209.64, 'Mon-Fri 8am-12pm', FALSE, '2025-05-10 02:59:18', '2025-05-10 02:59:18');
INSERT INTO cleaner_services (cleaner_account_id, category_id, title, description, price, availability, is_suspended, created_at, updated_at) VALUES (24, 5, 'Standard Home Cleaning', 'Move-out cleaning with attention to detail.', 70.23, 'Weekends 9am-5pm', TRUE, '2025-04-25 16:55:44', '2025-04-25 16:55:44');
INSERT INTO cleaner_services (cleaner_account_id, category_id, title, description, price, availability, is_suspended, created_at, updated_at) VALUES (96, 7, 'Quick Home Clean', 'Removal of dust and debris after renovation or construction work.', 87.07, 'Flexible', FALSE, '2025-05-11 11:04:51', '2025-05-11 11:04:51');
INSERT INTO cleaner_services (cleaner_account_id, category_id, title, description, price, availability, is_suspended, created_at, updated_at) VALUES (43, 8, 'Upholstery Cleaning', 'Complete cleaning for moving in or out, including inside cabinets and appliances.', 165.36, 'Sat 10am-2pm', FALSE, '2025-04-18 13:44:33', '2025-04-18 13:44:33');
INSERT INTO cleaner_services (cleaner_account_id, category_id, title, description, price, availability, is_suspended, created_at, updated_at) VALUES (90, 7, 'Office Shine', 'Thorough cleaning of all rooms, dusting, vacuuming, and mopping.', 132.95, 'Tue, Thu 10am-2pm', FALSE, '2025-05-05 07:38:20', '2025-05-05 07:38:20');
INSERT INTO cleaner_services (cleaner_account_id, category_id, title, description, price, availability, is_suspended, created_at, updated_at) VALUES (41, 8, 'Carpet Rescue', 'Regular office cleaning including workspaces, restrooms, and common areas.', 141.68, 'Fri 2pm-6pm', FALSE, '2025-05-04 04:38:12', '2025-05-04 04:38:12');
INSERT INTO cleaner_services (cleaner_account_id, category_id, title, description, price, availability, is_suspended, created_at, updated_at) VALUES (55, 8, 'Post-Construction Cleanup', 'Cleaning after construction or renovation.', 137.87, 'Mon, Wed, Fri 1pm-6pm', TRUE, '2025-05-12 19:16:39', '2025-05-12 19:16:39');
INSERT INTO cleaner_services (cleaner_account_id, category_id, title, description, price, availability, is_suspended, created_at, updated_at) VALUES (68, 8, 'Crystal Clear Windows', 'Move-out cleaning with attention to detail.', 154.38, 'Mon-Fri 6pm-10pm', FALSE, '2025-04-21 15:56:47', '2025-04-21 15:56:47');
INSERT INTO cleaner_services (cleaner_account_id, category_id, title, description, price, availability, is_suspended, created_at, updated_at) VALUES (61, 5, 'Move-in/Move-out Package', 'Removal of dust and debris after renovation or construction work.', 241.99, 'Tue, Thu 10am-2pm', FALSE, '2025-04-21 09:01:09', '2025-04-21 09:01:09');
INSERT INTO cleaner_services (cleaner_account_id, category_id, title, description, price, availability, is_suspended, created_at, updated_at) VALUES (3, 4, 'Move-in/Move-out Package', 'Complete cleaning for moving in or out, including inside cabinets and appliances.', 164.95, 'Mon, Wed, Fri 1pm-6pm', FALSE, '2025-05-06 10:58:13', '2025-05-06 10:58:13');
INSERT INTO cleaner_services (cleaner_account_id, category_id, title, description, price, availability, is_suspended, created_at, updated_at) VALUES (51, 5, 'Post-Reno Cleanup', 'Comprehensive deep cleaning for large homes.', 146.32, 'Flexible', FALSE, '2025-04-17 20:41:01', '2025-04-17 20:41:01');
INSERT INTO cleaner_services (cleaner_account_id, category_id, title, description, price, availability, is_suspended, created_at, updated_at) VALUES (70, 4, 'Move-in/Move-out Package', 'Interior and exterior window cleaning for homes up to 2 stories.', 213.28, 'Flexible', FALSE, '2025-05-03 15:04:05', '2025-05-03 15:04:05');
INSERT INTO cleaner_services (cleaner_account_id, category_id, title, description, price, availability, is_suspended, created_at, updated_at) VALUES (70, 9, 'Driveway Pressure Washing', 'Removal of dust and debris after renovation or construction work.', 109.3, 'Fri 2pm-6pm', FALSE, '2025-05-12 06:51:44', '2025-05-12 06:51:44');
INSERT INTO cleaner_services (cleaner_account_id, category_id, title, description, price, availability, is_suspended, created_at, updated_at) VALUES (96, 2, 'Upholstery Cleaning', 'Stain removal and deep carpet cleaning.', 205.75, 'Weekends 9am-5pm', FALSE, '2025-05-13 11:06:24', '2025-05-13 11:06:24');
INSERT INTO cleaner_services (cleaner_account_id, category_id, title, description, price, availability, is_suspended, created_at, updated_at) VALUES (78, 1, 'Driveway Pressure Washing', 'High-pressure cleaning for driveways, patios, and exterior walls.', 151.38, 'Sat 10am-2pm', FALSE, '2025-04-16 22:58:13', '2025-04-16 22:58:13');
INSERT INTO cleaner_services (cleaner_account_id, category_id, title, description, price, availability, is_suspended, created_at, updated_at) VALUES (11, 3, 'Crystal Clear Windows', 'Complete cleaning for moving in or out, including inside cabinets and appliances.', 136.52, 'By appointment', FALSE, '2025-04-29 00:15:37', '2025-04-29 00:15:37');
INSERT INTO cleaner_services (cleaner_account_id, category_id, title, description, price, availability, is_suspended, created_at, updated_at) VALUES (53, 2, 'Laundry Pickup & Delivery', 'Interior and exterior window cleaning for homes up to 2 stories.', 67.69, 'Sat 10am-2pm', FALSE, '2025-04-30 04:11:01', '2025-04-30 04:11:01');
INSERT INTO cleaner_services (cleaner_account_id, category_id, title, description, price, availability, is_suspended, created_at, updated_at) VALUES (78, 6, 'Post-Reno Cleanup', 'Removal of dust and debris after renovation or construction work.', 158.63, 'Mon, Wed, Fri 1pm-6pm', FALSE, '2025-04-19 19:58:55', '2025-04-19 19:58:55');
INSERT INTO cleaner_services (cleaner_account_id, category_id, title, description, price, availability, is_suspended, created_at, updated_at) VALUES (52, 6, 'Move-Out Special', 'Fast and efficient cleaning for apartments.', 105.26, 'By appointment', FALSE, '2025-05-07 12:38:29', '2025-05-07 12:38:29');
INSERT INTO cleaner_services (cleaner_account_id, category_id, title, description, price, availability, is_suspended, created_at, updated_at) VALUES (30, 7, 'Window Shine', 'Removal of dust and debris after renovation or construction work.', 88.02, 'Mon, Wed, Fri 1pm-6pm', FALSE, '2025-04-28 16:54:10', '2025-04-28 16:54:10');
INSERT INTO cleaner_services (cleaner_account_id, category_id, title, description, price, availability, is_suspended, created_at, updated_at) VALUES (53, 7, 'Upholstery Cleaning', 'Comprehensive deep cleaning for large homes.', 60.08, 'Sat-Sun 8am-12pm', FALSE, '2025-05-13 02:15:28', '2025-05-13 02:15:28');
INSERT INTO cleaner_services (cleaner_account_id, category_id, title, description, price, availability, is_suspended, created_at, updated_at) VALUES (3, 4, 'Move-in/Move-out Package', 'Professional carpet shampooing and stain removal for up to 3 rooms.', 157.09, 'Flexible', FALSE, '2025-05-08 16:29:51', '2025-05-08 16:29:51');
INSERT INTO cleaner_services (cleaner_account_id, category_id, title, description, price, availability, is_suspended, created_at, updated_at) VALUES (52, 8, 'Post-Construction Cleanup', 'Regular office cleaning including workspaces, restrooms, and common areas.', 188.31, 'Weekends 10am-4pm', FALSE, '2025-05-11 06:54:16', '2025-05-11 06:54:16');
INSERT INTO cleaner_services (cleaner_account_id, category_id, title, description, price, availability, is_suspended, created_at, updated_at) VALUES (90, 5, 'Office Shine', 'Interior and exterior window cleaning for homes up to 2 stories.', 166.63, 'Sat 9am-3pm', FALSE, '2025-05-14 19:13:36', '2025-05-14 19:13:36');
INSERT INTO cleaner_services (cleaner_account_id, category_id, title, description, price, availability, is_suspended, created_at, updated_at) VALUES (3, 6, 'Deep Clean Deluxe', 'Fast and efficient cleaning for apartments.', 195.58, 'Mon, Wed, Fri 1pm-6pm', FALSE, '2025-05-08 08:52:52', '2025-05-08 08:52:52');
INSERT INTO cleaner_services (cleaner_account_id, category_id, title, description, price, availability, is_suspended, created_at, updated_at) VALUES (30, 4, 'Deep Spring Cleaning', 'Professional window cleaning for homes.', 55.83, 'Fri 2pm-6pm', FALSE, '2025-04-27 06:32:40', '2025-04-27 06:32:40');
INSERT INTO cleaner_services (cleaner_account_id, category_id, title, description, price, availability, is_suspended, created_at, updated_at) VALUES (66, 6, 'Post-Construction Cleanup', 'Professional carpet shampooing and stain removal for up to 3 rooms.', 40.97, 'Tue, Thu 10am-2pm', TRUE, '2025-05-10 09:43:33', '2025-05-10 09:43:33');
INSERT INTO cleaner_services (cleaner_account_id, category_id, title, description, price, availability, is_suspended, created_at, updated_at) VALUES (68, 9, 'Carpet Refresh', 'Fast and efficient cleaning for apartments.', 161.28, 'Sat-Sun 8am-12pm', FALSE, '2025-05-05 15:59:46', '2025-05-05 15:59:46');
INSERT INTO cleaner_services (cleaner_account_id, category_id, title, description, price, availability, is_suspended, created_at, updated_at) VALUES (32, 1, 'Window Shine', 'Complete cleaning for moving in or out, including inside cabinets and appliances.', 199.09, 'Mon-Fri 8am-12pm', FALSE, '2025-05-10 15:43:23', '2025-05-10 15:43:23');
INSERT INTO cleaner_services (cleaner_account_id, category_id, title, description, price, availability, is_suspended, created_at, updated_at) VALUES (83, 1, 'Deep Clean Deluxe', 'High-pressure cleaning for driveways, patios, and exterior walls.', 185.53, 'Weekends 10am-4pm', FALSE, '2025-05-12 12:38:30', '2025-05-12 12:38:30');
INSERT INTO cleaner_services (cleaner_account_id, category_id, title, description, price, availability, is_suspended, created_at, updated_at) VALUES (3, 3, 'Crystal Clear Windows', 'Professional window cleaning for homes.', 230.8, 'Mon, Wed, Fri 1pm-6pm', FALSE, '2025-04-16 18:42:51', '2025-04-16 18:42:51');
INSERT INTO cleaner_services (cleaner_account_id, category_id, title, description, price, availability, is_suspended, created_at, updated_at) VALUES (76, 6, 'Carpet Rescue', 'High-pressure cleaning for driveways, patios, and exterior walls.', 121.16, 'Flexible', TRUE, '2025-05-09 11:35:58', '2025-05-09 11:35:58');
INSERT INTO cleaner_services (cleaner_account_id, category_id, title, description, price, availability, is_suspended, created_at, updated_at) VALUES (55, 7, 'Driveway Pressure Washing', 'Stain removal and deep carpet cleaning.', 42.64, 'Weekends 9am-5pm', FALSE, '2025-04-20 22:21:06', '2025-04-20 22:21:06');
INSERT INTO cleaner_services (cleaner_account_id, category_id, title, description, price, availability, is_suspended, created_at, updated_at) VALUES (89, 1, 'Move-Out Special', 'Professional carpet shampooing and stain removal for up to 3 rooms.', 117.96, 'Flexible', FALSE, '2025-05-10 23:27:11', '2025-05-10 23:27:11');
INSERT INTO cleaner_services (cleaner_account_id, category_id, title, description, price, availability, is_suspended, created_at, updated_at) VALUES (89, 1, 'Crystal Clear Windows', 'Complete cleaning for moving in or out, including inside cabinets and appliances.', 125.54, 'Flexible', FALSE, '2025-04-17 22:06:38', '2025-04-17 22:06:38');
INSERT INTO cleaner_services (cleaner_account_id, category_id, title, description, price, availability, is_suspended, created_at, updated_at) VALUES (52, 3, 'Post-Construction Cleanup', 'Intensive cleaning including appliances, baseboards, and hard-to-reach areas.', 135.71, 'Sat 10am-2pm', FALSE, '2025-05-14 17:24:10', '2025-05-14 17:24:10');
INSERT INTO cleaner_services (cleaner_account_id, category_id, title, description, price, availability, is_suspended, created_at, updated_at) VALUES (70, 5, 'Window Shine', 'Professional carpet shampooing and stain removal for up to 3 rooms.', 195.34, 'Tue, Thu 10am-2pm', FALSE, '2025-05-08 19:32:33', '2025-05-08 19:32:33');
INSERT INTO cleaner_services (cleaner_account_id, category_id, title, description, price, availability, is_suspended, created_at, updated_at) VALUES (30, 9, 'Post-Reno Cleanup', 'Complete cleaning for moving in or out, including inside cabinets and appliances.', 111.73, 'Mon-Fri 9am-5pm', FALSE, '2025-05-04 11:19:22', '2025-05-04 11:19:22');
INSERT INTO cleaner_services (cleaner_account_id, category_id, title, description, price, availability, is_suspended, created_at, updated_at) VALUES (30, 4, 'Deep Clean Deluxe', 'Removal of dust and debris after renovation or construction work.', 153.4, 'Sat 9am-3pm', FALSE, '2025-05-14 00:05:49', '2025-05-14 00:05:49');
INSERT INTO cleaner_services (cleaner_account_id, category_id, title, description, price, availability, is_suspended, created_at, updated_at) VALUES (30, 5, 'Window Shine', 'Professional carpet shampooing and stain removal for up to 3 rooms.', 178.73, 'Sat-Sun 8am-12pm', FALSE, '2025-04-28 11:00:58', '2025-04-28 11:00:58');
INSERT INTO cleaner_services (cleaner_account_id, category_id, title, description, price, availability, is_suspended, created_at, updated_at) VALUES (32, 7, 'Move-in/Move-out Package', 'Complete cleaning for moving in or out, including inside cabinets and appliances.', 232.09, 'Mon-Fri 6pm-10pm', FALSE, '2025-04-28 05:20:28', '2025-04-28 05:20:28');
INSERT INTO cleaner_services (cleaner_account_id, category_id, title, description, price, availability, is_suspended, created_at, updated_at) VALUES (57, 2, 'Move-in/Move-out Package', 'Comprehensive deep cleaning for large homes.', 237.14, 'Mon-Fri 9am-5pm', FALSE, '2025-04-20 16:05:58', '2025-04-20 16:05:58');
INSERT INTO cleaner_services (cleaner_account_id, category_id, title, description, price, availability, is_suspended, created_at, updated_at) VALUES (25, 4, 'Carpet Rescue', 'Removal of dust and debris after renovation or construction work.', 101.58, 'Mon-Fri 9am-5pm', TRUE, '2025-05-10 06:15:03', '2025-05-10 06:15:03');
INSERT INTO cleaner_services (cleaner_account_id, category_id, title, description, price, availability, is_suspended, created_at, updated_at) VALUES (15, 1, 'Deep Clean Deluxe', 'Comprehensive deep cleaning for large homes.', 179.08, 'Mon, Wed, Fri 1pm-6pm', FALSE, '2025-04-21 21:53:23', '2025-04-21 21:53:23');
INSERT INTO cleaner_services (cleaner_account_id, category_id, title, description, price, availability, is_suspended, created_at, updated_at) VALUES (57, 7, 'Crystal Clear Windows', 'Comprehensive deep cleaning for large homes.', 57.97, 'Sat-Sun 8am-12pm', FALSE, '2025-04-28 23:32:32', '2025-04-28 23:32:32');
INSERT INTO cleaner_services (cleaner_account_id, category_id, title, description, price, availability, is_suspended, created_at, updated_at) VALUES (51, 4, 'Carpet Rescue', 'Steam cleaning for sofas, chairs, and other furniture.', 235.11, 'Mon-Fri 9am-5pm', FALSE, '2025-04-28 19:02:49', '2025-04-28 19:02:49');
INSERT INTO cleaner_services (cleaner_account_id, category_id, title, description, price, availability, is_suspended, created_at, updated_at) VALUES (83, 3, 'Move-in/Move-out Package', 'Cleaning after construction or renovation.', 202.65, 'Sat-Sun 8am-12pm', FALSE, '2025-05-07 08:34:18', '2025-05-07 08:34:18');
INSERT INTO cleaner_services (cleaner_account_id, category_id, title, description, price, availability, is_suspended, created_at, updated_at) VALUES (17, 6, 'Move-in/Move-out Package', 'Removal of dust and debris after renovation or construction work.', 159.2, 'Mon, Wed, Fri 1pm-6pm', FALSE, '2025-05-02 20:57:51', '2025-05-02 20:57:51');
INSERT INTO cleaner_services (cleaner_account_id, category_id, title, description, price, availability, is_suspended, created_at, updated_at) VALUES (54, 5, 'Quick Home Clean', 'Interior and exterior window cleaning for homes up to 2 stories.', 129.15, 'Weekends 10am-4pm', FALSE, '2025-04-20 00:53:37', '2025-04-20 00:53:37');
INSERT INTO cleaner_services (cleaner_account_id, category_id, title, description, price, availability, is_suspended, created_at, updated_at) VALUES (43, 8, 'Post-Construction Cleanup', 'Professional carpet shampooing and stain removal for up to 3 rooms.', 174.72, 'Mon, Wed, Fri 1pm-6pm', FALSE, '2025-04-21 05:40:26', '2025-04-21 05:40:26');
INSERT INTO cleaner_services (cleaner_account_id, category_id, title, description, price, availability, is_suspended, created_at, updated_at) VALUES (68, 6, 'Move-in/Move-out Package', 'High-pressure cleaning for driveways, patios, and exterior walls.', 211.91, 'Weekends 9am-5pm', FALSE, '2025-04-26 04:27:16', '2025-04-26 04:27:16');
INSERT INTO cleaner_services (cleaner_account_id, category_id, title, description, price, availability, is_suspended, created_at, updated_at) VALUES (30, 1, 'Crystal Clear Windows', 'Stain removal and deep carpet cleaning.', 108.66, 'Weekends 10am-4pm', FALSE, '2025-05-03 18:52:06', '2025-05-03 18:52:06');
INSERT INTO cleaner_services (cleaner_account_id, category_id, title, description, price, availability, is_suspended, created_at, updated_at) VALUES (83, 7, 'Move-in/Move-out Package', 'Cleaning after construction or renovation.', 163.71, 'Tue, Thu 10am-2pm', TRUE, '2025-04-22 02:42:16', '2025-04-22 02:42:16');
INSERT INTO cleaner_services (cleaner_account_id, category_id, title, description, price, availability, is_suspended, created_at, updated_at) VALUES (77, 7, 'Standard Home Cleaning', 'Fast and efficient cleaning for apartments.', 179.41, 'Mon-Fri 8am-12pm', FALSE, '2025-04-21 06:32:45', '2025-04-21 06:32:45');
INSERT INTO cleaner_services (cleaner_account_id, category_id, title, description, price, availability, is_suspended, created_at, updated_at) VALUES (52, 9, 'Post-Construction Cleanup', 'Professional carpet shampooing and stain removal for up to 3 rooms.', 202.73, 'Weekends 9am-5pm', FALSE, '2025-05-01 13:13:27', '2025-05-01 13:13:27');
INSERT INTO cleaner_services (cleaner_account_id, category_id, title, description, price, availability, is_suspended, created_at, updated_at) VALUES (38, 2, 'Upholstery Cleaning', 'Move-out cleaning with attention to detail.', 166.98, 'Mon-Fri 6pm-10pm', FALSE, '2025-05-12 01:41:18', '2025-05-12 01:41:18');
INSERT INTO cleaner_services (cleaner_account_id, category_id, title, description, price, availability, is_suspended, created_at, updated_at) VALUES (52, 3, 'Crystal Clear Windows', 'Regular office cleaning including workspaces, restrooms, and common areas.', 139.2, 'Sat 9am-3pm', FALSE, '2025-05-11 22:22:46', '2025-05-11 22:22:46');
INSERT INTO cleaner_services (cleaner_account_id, category_id, title, description, price, availability, is_suspended, created_at, updated_at) VALUES (3, 6, 'Move-Out Special', 'Removal of dust and debris after renovation or construction work.', 142.53, 'Flexible', FALSE, '2025-05-08 21:01:54', '2025-05-08 21:01:54');
INSERT INTO cleaner_services (cleaner_account_id, category_id, title, description, price, availability, is_suspended, created_at, updated_at) VALUES (96, 9, 'Standard Home Cleaning', 'Comprehensive deep cleaning for large homes.', 112.45, 'Sat 9am-3pm', FALSE, '2025-05-13 18:26:04', '2025-05-13 18:26:04');
INSERT INTO cleaner_services (cleaner_account_id, category_id, title, description, price, availability, is_suspended, created_at, updated_at) VALUES (96, 9, 'Move-in/Move-out Package', 'Removal of dust and debris after renovation or construction work.', 186.63, 'Tue, Thu 10am-2pm', FALSE, '2025-05-12 03:59:41', '2025-05-12 03:59:41');
INSERT INTO cleaner_services (cleaner_account_id, category_id, title, description, price, availability, is_suspended, created_at, updated_at) VALUES (76, 9, 'Office Shine', 'Thorough cleaning of all rooms, dusting, vacuuming, and mopping.', 176.19, 'Flexible', FALSE, '2025-04-16 09:54:12', '2025-04-16 09:54:12');
INSERT INTO cleaner_services (cleaner_account_id, category_id, title, description, price, availability, is_suspended, created_at, updated_at) VALUES (41, 6, 'Carpet Refresh', 'Regular office cleaning including workspaces, restrooms, and common areas.', 127.51, 'Sat 10am-2pm', FALSE, '2025-04-16 02:35:30', '2025-04-16 02:35:30');
INSERT INTO cleaner_services (cleaner_account_id, category_id, title, description, price, availability, is_suspended, created_at, updated_at) VALUES (68, 9, 'Standard Home Cleaning', 'Stain removal and deep carpet cleaning.', 237.85, 'Flexible', FALSE, '2025-04-27 00:37:56', '2025-04-27 00:37:56');
INSERT INTO cleaner_services (cleaner_account_id, category_id, title, description, price, availability, is_suspended, created_at, updated_at) VALUES (61, 6, 'Deep Clean Deluxe', 'Thorough cleaning of all rooms, dusting, vacuuming, and mopping.', 50.25, 'Mon-Fri 6pm-10pm', TRUE, '2025-04-19 12:06:16', '2025-04-19 12:06:16');
INSERT INTO cleaner_services (cleaner_account_id, category_id, title, description, price, availability, is_suspended, created_at, updated_at) VALUES (68, 6, 'Office Shine', 'Cleaning after construction or renovation.', 249.68, 'Mon-Fri 9am-5pm', FALSE, '2025-04-27 01:06:30', '2025-04-27 01:06:30');
INSERT INTO cleaner_services (cleaner_account_id, category_id, title, description, price, availability, is_suspended, created_at, updated_at) VALUES (34, 1, 'Laundry Pickup & Delivery', 'Cleaning after construction or renovation.', 116.31, 'Mon-Fri 8am-12pm', FALSE, '2025-04-27 16:31:10', '2025-04-27 16:31:10');
INSERT INTO cleaner_services (cleaner_account_id, category_id, title, description, price, availability, is_suspended, created_at, updated_at) VALUES (41, 5, 'Post-Construction Cleanup', 'Comprehensive deep cleaning for large homes.', 124.5, 'Mon-Fri 8am-12pm', FALSE, '2025-05-12 22:10:28', '2025-05-12 22:10:28');
INSERT INTO cleaner_services (cleaner_account_id, category_id, title, description, price, availability, is_suspended, created_at, updated_at) VALUES (17, 8, 'Upholstery Cleaning', 'Fast and efficient cleaning for apartments.', 83.29, 'Mon-Fri 8am-12pm', FALSE, '2025-04-21 17:21:26', '2025-04-21 17:21:26');
INSERT INTO cleaner_services (cleaner_account_id, category_id, title, description, price, availability, is_suspended, created_at, updated_at) VALUES (89, 4, 'Move-Out Special', 'Complete cleaning for moving in or out, including inside cabinets and appliances.', 153.41, 'Mon, Wed, Fri 1pm-6pm', FALSE, '2025-05-07 22:57:01', '2025-05-07 22:57:01');
INSERT INTO cleaner_services (cleaner_account_id, category_id, title, description, price, availability, is_suspended, created_at, updated_at) VALUES (38, 4, 'Deep Clean Deluxe', 'Interior and exterior window cleaning for homes up to 2 stories.', 183.63, 'Mon-Fri 8am-12pm', FALSE, '2025-05-15 16:32:26', '2025-05-15 16:32:26');
INSERT INTO service_views (service_id, viewed_at, viewer_account_id) VALUES (32, '2025-05-01 17:44:14', 48);
INSERT INTO service_views (service_id, viewed_at, viewer_account_id) VALUES (26, '2025-04-18 07:22:15', 86);
INSERT INTO service_views (service_id, viewed_at, viewer_account_id) VALUES (74, '2025-04-24 06:42:58', 42);
INSERT INTO service_views (service_id, viewed_at, viewer_account_id) VALUES (82, '2025-05-09 01:19:59', 92);
INSERT INTO service_views (service_id, viewed_at, viewer_account_id) VALUES (21, '2025-05-09 08:37:41', 2);
INSERT INTO service_views (service_id, viewed_at, viewer_account_id) VALUES (69, '2025-04-23 10:10:17', 60);
INSERT INTO service_views (service_id, viewed_at, viewer_account_id) VALUES (59, '2025-05-08 15:56:53', 87);
INSERT INTO service_views (service_id, viewed_at, viewer_account_id) VALUES (93, '2025-05-07 17:46:33', 86);
INSERT INTO service_views (service_id, viewed_at, viewer_account_id) VALUES (63, '2025-04-18 22:20:20', 2);
INSERT INTO service_views (service_id, viewed_at, viewer_account_id) VALUES (84, '2025-05-11 22:19:26', 87);
INSERT INTO service_views (service_id, viewed_at, viewer_account_id) VALUES (24, '2025-05-01 05:38:39', 27);
INSERT INTO service_views (service_id, viewed_at, viewer_account_id) VALUES (14, '2025-05-13 03:32:33', 48);
INSERT INTO service_views (service_id, viewed_at, viewer_account_id) VALUES (87, '2025-05-14 08:39:03', 18);
INSERT INTO service_views (service_id, viewed_at, viewer_account_id) VALUES (90, '2025-04-22 02:21:55', 97);
INSERT INTO service_views (service_id, viewed_at, viewer_account_id) VALUES (77, '2025-04-19 23:20:26', 27);
INSERT INTO service_views (service_id, viewed_at, viewer_account_id) VALUES (14, '2025-04-20 16:49:36', 103);
INSERT INTO service_views (service_id, viewed_at, viewer_account_id) VALUES (40, '2025-05-13 05:59:01', 20);
INSERT INTO service_views (service_id, viewed_at, viewer_account_id) VALUES (15, '2025-04-27 07:20:23', 60);
INSERT INTO service_views (service_id, viewed_at, viewer_account_id) VALUES (69, '2025-05-11 03:44:11', 48);
INSERT INTO service_views (service_id, viewed_at, viewer_account_id) VALUES (45, '2025-05-10 11:24:06', 48);
INSERT INTO service_views (service_id, viewed_at, viewer_account_id) VALUES (82, '2025-04-27 08:42:29', 48);
INSERT INTO service_views (service_id, viewed_at, viewer_account_id) VALUES (96, '2025-05-14 07:59:30', 49);
INSERT INTO service_views (service_id, viewed_at, viewer_account_id) VALUES (99, '2025-05-10 16:28:16', 60);
INSERT INTO service_views (service_id, viewed_at, viewer_account_id) VALUES (80, '2025-05-07 08:38:28', 92);
INSERT INTO service_views (service_id, viewed_at, viewer_account_id) VALUES (66, '2025-05-03 06:45:59', 37);
INSERT INTO service_views (service_id, viewed_at, viewer_account_id) VALUES (30, '2025-04-29 05:33:39', 86);
INSERT INTO service_views (service_id, viewed_at, viewer_account_id) VALUES (97, '2025-05-15 20:19:07', 2);
INSERT INTO service_views (service_id, viewed_at, viewer_account_id) VALUES (42, '2025-04-23 04:29:02', 48);
INSERT INTO service_views (service_id, viewed_at, viewer_account_id) VALUES (22, '2025-04-25 04:32:30', 20);
INSERT INTO service_views (service_id, viewed_at, viewer_account_id) VALUES (36, '2025-05-14 11:52:42', 63);
INSERT INTO service_views (service_id, viewed_at, viewer_account_id) VALUES (5, '2025-04-20 21:08:05', 29);
INSERT INTO service_views (service_id, viewed_at, viewer_account_id) VALUES (16, '2025-04-22 11:29:03', 92);
INSERT INTO service_views (service_id, viewed_at, viewer_account_id) VALUES (58, '2025-04-17 11:33:58', 60);
INSERT INTO service_views (service_id, viewed_at, viewer_account_id) VALUES (24, '2025-04-19 10:01:16', 31);
INSERT INTO service_views (service_id, viewed_at, viewer_account_id) VALUES (19, '2025-05-15 09:35:36', 59);
INSERT INTO service_views (service_id, viewed_at, viewer_account_id) VALUES (76, '2025-04-28 13:04:57', 100);
INSERT INTO service_views (service_id, viewed_at, viewer_account_id) VALUES (69, '2025-04-26 13:23:45', 92);
INSERT INTO service_views (service_id, viewed_at, viewer_account_id) VALUES (14, '2025-05-02 19:24:12', 63);
INSERT INTO service_views (service_id, viewed_at, viewer_account_id) VALUES (80, '2025-04-29 00:27:12', 49);
INSERT INTO service_views (service_id, viewed_at, viewer_account_id) VALUES (20, '2025-04-16 10:11:43', 48);
INSERT INTO service_views (service_id, viewed_at, viewer_account_id) VALUES (29, '2025-04-27 01:09:57', 29);
INSERT INTO service_views (service_id, viewed_at, viewer_account_id) VALUES (82, '2025-04-29 11:03:47', 18);
INSERT INTO service_views (service_id, viewed_at, viewer_account_id) VALUES (34, '2025-04-22 22:38:39', 92);
INSERT INTO service_views (service_id, viewed_at, viewer_account_id) VALUES (92, '2025-04-25 21:48:45', 103);
INSERT INTO service_views (service_id, viewed_at, viewer_account_id) VALUES (81, '2025-05-01 20:53:05', 36);
INSERT INTO service_views (service_id, viewed_at, viewer_account_id) VALUES (62, '2025-05-08 23:55:20', 91);
INSERT INTO service_views (service_id, viewed_at, viewer_account_id) VALUES (73, '2025-05-12 04:29:55', 16);
INSERT INTO service_views (service_id, viewed_at, viewer_account_id) VALUES (66, '2025-04-29 03:41:43', 103);
INSERT INTO service_views (service_id, viewed_at, viewer_account_id) VALUES (31, '2025-04-16 17:41:24', 60);
INSERT INTO service_views (service_id, viewed_at, viewer_account_id) VALUES (94, '2025-04-19 09:44:29', 31);
INSERT INTO service_views (service_id, viewed_at, viewer_account_id) VALUES (48, '2025-05-05 22:12:51', 88);
INSERT INTO service_views (service_id, viewed_at, viewer_account_id) VALUES (41, '2025-04-20 11:16:13', 97);
INSERT INTO service_views (service_id, viewed_at, viewer_account_id) VALUES (78, '2025-04-23 19:33:54', 91);
INSERT INTO service_views (service_id, viewed_at, viewer_account_id) VALUES (72, '2025-05-13 18:22:22', 103);
INSERT INTO service_views (service_id, viewed_at, viewer_account_id) VALUES (89, '2025-04-28 08:13:23', 42);
INSERT INTO service_views (service_id, viewed_at, viewer_account_id) VALUES (56, '2025-04-21 06:14:25', 87);
INSERT INTO service_views (service_id, viewed_at, viewer_account_id) VALUES (53, '2025-04-19 00:37:50', 36);
INSERT INTO service_views (service_id, viewed_at, viewer_account_id) VALUES (87, '2025-05-08 02:02:09', 97);
INSERT INTO service_views (service_id, viewed_at, viewer_account_id) VALUES (2, '2025-05-07 07:04:09', 48);
INSERT INTO service_views (service_id, viewed_at, viewer_account_id) VALUES (12, '2025-05-07 15:15:50', 27);
INSERT INTO service_views (service_id, viewed_at, viewer_account_id) VALUES (1, '2025-05-15 21:58:30', 88);
INSERT INTO service_views (service_id, viewed_at, viewer_account_id) VALUES (18, '2025-04-23 02:10:50', 60);
INSERT INTO service_views (service_id, viewed_at, viewer_account_id) VALUES (3, '2025-04-29 01:11:05', 86);
INSERT INTO service_views (service_id, viewed_at, viewer_account_id) VALUES (100, '2025-04-30 21:05:29', 48);
INSERT INTO service_views (service_id, viewed_at, viewer_account_id) VALUES (93, '2025-05-15 11:41:15', 31);
INSERT INTO service_views (service_id, viewed_at, viewer_account_id) VALUES (80, '2025-04-28 18:48:22', 63);
INSERT INTO service_views (service_id, viewed_at, viewer_account_id) VALUES (92, '2025-04-20 06:49:53', 27);
INSERT INTO service_views (service_id, viewed_at, viewer_account_id) VALUES (100, '2025-05-09 15:53:21', 97);
INSERT INTO service_views (service_id, viewed_at, viewer_account_id) VALUES (96, '2025-04-27 12:49:40', 42);
INSERT INTO service_views (service_id, viewed_at, viewer_account_id) VALUES (68, '2025-05-03 18:23:33', 87);
INSERT INTO service_views (service_id, viewed_at, viewer_account_id) VALUES (12, '2025-05-04 10:44:04', 29);
INSERT INTO service_views (service_id, viewed_at, viewer_account_id) VALUES (42, '2025-04-29 03:04:05', 36);
INSERT INTO service_views (service_id, viewed_at, viewer_account_id) VALUES (34, '2025-05-02 05:43:18', 22);
INSERT INTO service_views (service_id, viewed_at, viewer_account_id) VALUES (88, '2025-04-27 13:00:03', 100);
INSERT INTO service_views (service_id, viewed_at, viewer_account_id) VALUES (90, '2025-05-05 03:55:19', 27);
INSERT INTO service_views (service_id, viewed_at, viewer_account_id) VALUES (84, '2025-04-19 01:07:26', 103);
INSERT INTO service_views (service_id, viewed_at, viewer_account_id) VALUES (20, '2025-04-28 00:46:43', 92);
INSERT INTO service_views (service_id, viewed_at, viewer_account_id) VALUES (100, '2025-05-03 19:16:50', 86);
INSERT INTO service_views (service_id, viewed_at, viewer_account_id) VALUES (39, '2025-05-09 10:14:41', 91);
INSERT INTO service_views (service_id, viewed_at, viewer_account_id) VALUES (16, '2025-04-24 15:22:23', 22);
INSERT INTO service_views (service_id, viewed_at, viewer_account_id) VALUES (81, '2025-05-02 00:15:07', 13);
INSERT INTO service_views (service_id, viewed_at, viewer_account_id) VALUES (10, '2025-05-01 20:42:50', 91);
INSERT INTO service_views (service_id, viewed_at, viewer_account_id) VALUES (98, '2025-04-21 01:17:29', 63);
INSERT INTO service_views (service_id, viewed_at, viewer_account_id) VALUES (9, '2025-05-07 01:23:01', 97);
INSERT INTO service_views (service_id, viewed_at, viewer_account_id) VALUES (80, '2025-05-13 22:07:46', 2);
INSERT INTO service_views (service_id, viewed_at, viewer_account_id) VALUES (79, '2025-05-08 03:24:19', 29);
INSERT INTO service_views (service_id, viewed_at, viewer_account_id) VALUES (71, '2025-05-02 00:02:48', 22);
INSERT INTO service_views (service_id, viewed_at, viewer_account_id) VALUES (7, '2025-05-09 04:33:07', 31);
INSERT INTO service_views (service_id, viewed_at, viewer_account_id) VALUES (83, '2025-05-04 11:59:59', 29);
INSERT INTO service_views (service_id, viewed_at, viewer_account_id) VALUES (53, '2025-05-07 10:38:34', 37);
INSERT INTO service_views (service_id, viewed_at, viewer_account_id) VALUES (72, '2025-05-11 18:14:30', 36);
INSERT INTO service_views (service_id, viewed_at, viewer_account_id) VALUES (25, '2025-04-18 01:25:12', 16);
INSERT INTO service_views (service_id, viewed_at, viewer_account_id) VALUES (36, '2025-04-30 22:02:31', 48);
INSERT INTO service_views (service_id, viewed_at, viewer_account_id) VALUES (79, '2025-04-21 03:21:42', 91);
INSERT INTO service_views (service_id, viewed_at, viewer_account_id) VALUES (80, '2025-05-08 09:44:38', 22);
INSERT INTO service_views (service_id, viewed_at, viewer_account_id) VALUES (56, '2025-04-24 12:05:29', 48);
INSERT INTO service_views (service_id, viewed_at, viewer_account_id) VALUES (63, '2025-04-30 14:38:10', 49);
INSERT INTO service_views (service_id, viewed_at, viewer_account_id) VALUES (62, '2025-04-20 22:39:35', 13);
INSERT INTO service_views (service_id, viewed_at, viewer_account_id) VALUES (43, '2025-05-15 06:39:29', 22);
INSERT INTO service_views (service_id, viewed_at, viewer_account_id) VALUES (76, '2025-05-15 06:00:30', 18);
INSERT INTO service_shortlists (homeowner_account_id, service_id, shortlisted_at, is_confirmed, is_deleted) VALUES (59, 30, '2025-04-30 00:21:15', TRUE, FALSE);
INSERT INTO service_shortlists (homeowner_account_id, service_id, shortlisted_at, is_confirmed, is_deleted) VALUES (100, 71, '2025-04-20 07:06:46', FALSE, FALSE);
INSERT INTO service_shortlists (homeowner_account_id, service_id, shortlisted_at, is_confirmed, is_deleted) VALUES (91, 91, '2025-04-24 01:08:44', FALSE, FALSE);
INSERT INTO service_shortlists (homeowner_account_id, service_id, shortlisted_at, is_confirmed, is_deleted) VALUES (87, 41, '2025-05-01 22:46:51', FALSE, FALSE);
INSERT INTO service_shortlists (homeowner_account_id, service_id, shortlisted_at, is_confirmed, is_deleted) VALUES (18, 32, '2025-04-27 11:14:08', TRUE, FALSE);
INSERT INTO service_shortlists (homeowner_account_id, service_id, shortlisted_at, is_confirmed, is_deleted) VALUES (103, 61, '2025-04-26 23:35:55', FALSE, TRUE);
INSERT INTO service_shortlists (homeowner_account_id, service_id, shortlisted_at, is_confirmed, is_deleted) VALUES (37, 23, '2025-05-06 06:10:13', TRUE, FALSE);
INSERT INTO service_shortlists (homeowner_account_id, service_id, shortlisted_at, is_confirmed, is_deleted) VALUES (63, 2, '2025-05-08 02:14:04', FALSE, FALSE);
INSERT INTO service_shortlists (homeowner_account_id, service_id, shortlisted_at, is_confirmed, is_deleted) VALUES (29, 45, '2025-05-04 11:14:17', FALSE, FALSE);
INSERT INTO service_shortlists (homeowner_account_id, service_id, shortlisted_at, is_confirmed, is_deleted) VALUES (20, 57, '2025-04-19 18:03:43', FALSE, FALSE);
INSERT INTO service_shortlists (homeowner_account_id, service_id, shortlisted_at, is_confirmed, is_deleted) VALUES (22, 41, '2025-05-12 00:10:26', FALSE, TRUE);
INSERT INTO service_shortlists (homeowner_account_id, service_id, shortlisted_at, is_confirmed, is_deleted) VALUES (31, 77, '2025-05-03 16:36:19', FALSE, FALSE);
INSERT INTO service_shortlists (homeowner_account_id, service_id, shortlisted_at, is_confirmed, is_deleted) VALUES (2, 52, '2025-05-10 14:04:29', FALSE, FALSE);
INSERT INTO service_shortlists (homeowner_account_id, service_id, shortlisted_at, is_confirmed, is_deleted) VALUES (97, 96, '2025-05-10 17:23:53', FALSE, FALSE);
INSERT INTO service_shortlists (homeowner_account_id, service_id, shortlisted_at, is_confirmed, is_deleted) VALUES (100, 88, '2025-05-04 22:44:56', FALSE, FALSE);
INSERT INTO service_shortlists (homeowner_account_id, service_id, shortlisted_at, is_confirmed, is_deleted) VALUES (91, 66, '2025-05-01 04:57:29', TRUE, FALSE);
INSERT INTO service_shortlists (homeowner_account_id, service_id, shortlisted_at, is_confirmed, is_deleted) VALUES (49, 31, '2025-04-18 02:02:54', FALSE, FALSE);
INSERT INTO service_shortlists (homeowner_account_id, service_id, shortlisted_at, is_confirmed, is_deleted) VALUES (2, 25, '2025-05-12 17:40:07', FALSE, FALSE);
INSERT INTO service_shortlists (homeowner_account_id, service_id, shortlisted_at, is_confirmed, is_deleted) VALUES (36, 56, '2025-04-23 02:05:39', TRUE, TRUE);
INSERT INTO service_shortlists (homeowner_account_id, service_id, shortlisted_at, is_confirmed, is_deleted) VALUES (86, 59, '2025-04-30 16:47:01', FALSE, FALSE);
INSERT INTO service_shortlists (homeowner_account_id, service_id, shortlisted_at, is_confirmed, is_deleted) VALUES (48, 53, '2025-05-08 04:54:33', FALSE, FALSE);
INSERT INTO service_shortlists (homeowner_account_id, service_id, shortlisted_at, is_confirmed, is_deleted) VALUES (86, 37, '2025-05-01 13:44:32', FALSE, FALSE);
INSERT INTO service_shortlists (homeowner_account_id, service_id, shortlisted_at, is_confirmed, is_deleted) VALUES (18, 9, '2025-04-19 14:31:15', TRUE, FALSE);
INSERT INTO service_shortlists (homeowner_account_id, service_id, shortlisted_at, is_confirmed, is_deleted) VALUES (37, 75, '2025-05-01 15:46:16', FALSE, FALSE);
INSERT INTO service_shortlists (homeowner_account_id, service_id, shortlisted_at, is_confirmed, is_deleted) VALUES (29, 89, '2025-04-24 03:40:26', FALSE, FALSE);
INSERT INTO service_shortlists (homeowner_account_id, service_id, shortlisted_at, is_confirmed, is_deleted) VALUES (103, 51, '2025-05-04 15:46:47', FALSE, FALSE);
INSERT INTO service_shortlists (homeowner_account_id, service_id, shortlisted_at, is_confirmed, is_deleted) VALUES (37, 4, '2025-04-20 00:37:13', FALSE, FALSE);
INSERT INTO service_shortlists (homeowner_account_id, service_id, shortlisted_at, is_confirmed, is_deleted) VALUES (100, 6, '2025-05-01 21:59:40', TRUE, FALSE);
INSERT INTO service_shortlists (homeowner_account_id, service_id, shortlisted_at, is_confirmed, is_deleted) VALUES (63, 69, '2025-05-05 11:13:06', FALSE, TRUE);
INSERT INTO service_shortlists (homeowner_account_id, service_id, shortlisted_at, is_confirmed, is_deleted) VALUES (63, 26, '2025-05-04 15:51:42', FALSE, FALSE);
INSERT INTO service_shortlists (homeowner_account_id, service_id, shortlisted_at, is_confirmed, is_deleted) VALUES (103, 54, '2025-05-11 02:15:26', FALSE, FALSE);
INSERT INTO service_shortlists (homeowner_account_id, service_id, shortlisted_at, is_confirmed, is_deleted) VALUES (97, 24, '2025-05-10 22:21:43', FALSE, FALSE);
INSERT INTO service_shortlists (homeowner_account_id, service_id, shortlisted_at, is_confirmed, is_deleted) VALUES (31, 15, '2025-05-11 11:25:24', FALSE, FALSE);
INSERT INTO service_shortlists (homeowner_account_id, service_id, shortlisted_at, is_confirmed, is_deleted) VALUES (60, 75, '2025-04-24 14:22:33', TRUE, TRUE);
INSERT INTO service_shortlists (homeowner_account_id, service_id, shortlisted_at, is_confirmed, is_deleted) VALUES (16, 53, '2025-04-17 12:29:04', FALSE, FALSE);
INSERT INTO service_shortlists (homeowner_account_id, service_id, shortlisted_at, is_confirmed, is_deleted) VALUES (91, 29, '2025-04-26 21:38:50', FALSE, FALSE);
INSERT INTO service_shortlists (homeowner_account_id, service_id, shortlisted_at, is_confirmed, is_deleted) VALUES (48, 20, '2025-04-19 01:21:33', FALSE, FALSE);
INSERT INTO service_shortlists (homeowner_account_id, service_id, shortlisted_at, is_confirmed, is_deleted) VALUES (16, 65, '2025-04-19 10:39:11', FALSE, FALSE);
INSERT INTO service_shortlists (homeowner_account_id, service_id, shortlisted_at, is_confirmed, is_deleted) VALUES (16, 38, '2025-04-25 17:49:51', FALSE, FALSE);
INSERT INTO service_shortlists (homeowner_account_id, service_id, shortlisted_at, is_confirmed, is_deleted) VALUES (36, 25, '2025-05-15 18:20:34', TRUE, FALSE);
INSERT INTO service_shortlists (homeowner_account_id, service_id, shortlisted_at, is_confirmed, is_deleted) VALUES (87, 66, '2025-05-09 16:30:48', TRUE, FALSE);
INSERT INTO service_shortlists (homeowner_account_id, service_id, shortlisted_at, is_confirmed, is_deleted) VALUES (2, 1, '2025-05-03 16:31:44', TRUE, FALSE);
INSERT INTO service_shortlists (homeowner_account_id, service_id, shortlisted_at, is_confirmed, is_deleted) VALUES (48, 34, '2025-05-03 20:53:20', FALSE, TRUE);
INSERT INTO service_shortlists (homeowner_account_id, service_id, shortlisted_at, is_confirmed, is_deleted) VALUES (48, 78, '2025-05-09 10:42:41', TRUE, FALSE);
INSERT INTO service_shortlists (homeowner_account_id, service_id, shortlisted_at, is_confirmed, is_deleted) VALUES (31, 91, '2025-04-28 10:19:36', FALSE, FALSE);
INSERT INTO service_shortlists (homeowner_account_id, service_id, shortlisted_at, is_confirmed, is_deleted) VALUES (36, 78, '2025-05-09 05:57:49', FALSE, FALSE);
INSERT INTO service_shortlists (homeowner_account_id, service_id, shortlisted_at, is_confirmed, is_deleted) VALUES (36, 12, '2025-05-05 22:58:44', TRUE, FALSE);
INSERT INTO service_shortlists (homeowner_account_id, service_id, shortlisted_at, is_confirmed, is_deleted) VALUES (16, 92, '2025-04-17 22:05:08', FALSE, FALSE);
INSERT INTO service_shortlists (homeowner_account_id, service_id, shortlisted_at, is_confirmed, is_deleted) VALUES (2, 34, '2025-04-17 19:14:31', TRUE, FALSE);
INSERT INTO service_shortlists (homeowner_account_id, service_id, shortlisted_at, is_confirmed, is_deleted) VALUES (87, 55, '2025-04-30 00:33:57', FALSE, FALSE);
INSERT INTO service_shortlists (homeowner_account_id, service_id, shortlisted_at, is_confirmed, is_deleted) VALUES (92, 16, '2025-04-21 19:50:35', TRUE, FALSE);
INSERT INTO service_shortlists (homeowner_account_id, service_id, shortlisted_at, is_confirmed, is_deleted) VALUES (88, 2, '2025-05-12 01:03:46', FALSE, FALSE);
INSERT INTO service_shortlists (homeowner_account_id, service_id, shortlisted_at, is_confirmed, is_deleted) VALUES (59, 80, '2025-05-15 01:51:20', FALSE, TRUE);
INSERT INTO service_shortlists (homeowner_account_id, service_id, shortlisted_at, is_confirmed, is_deleted) VALUES (16, 28, '2025-05-01 08:34:02', FALSE, FALSE);
INSERT INTO service_shortlists (homeowner_account_id, service_id, shortlisted_at, is_confirmed, is_deleted) VALUES (2, 92, '2025-04-26 02:58:03', FALSE, FALSE);
INSERT INTO service_shortlists (homeowner_account_id, service_id, shortlisted_at, is_confirmed, is_deleted) VALUES (87, 37, '2025-04-23 17:01:37', FALSE, FALSE);
INSERT INTO service_shortlists (homeowner_account_id, service_id, shortlisted_at, is_confirmed, is_deleted) VALUES (48, 79, '2025-05-03 01:58:26', FALSE, FALSE);
INSERT INTO service_shortlists (homeowner_account_id, service_id, shortlisted_at, is_confirmed, is_deleted) VALUES (20, 60, '2025-05-14 22:20:39', FALSE, FALSE);
INSERT INTO service_shortlists (homeowner_account_id, service_id, shortlisted_at, is_confirmed, is_deleted) VALUES (27, 18, '2025-05-14 23:59:21', TRUE, FALSE);
INSERT INTO service_shortlists (homeowner_account_id, service_id, shortlisted_at, is_confirmed, is_deleted) VALUES (100, 46, '2025-04-30 01:35:19', FALSE, FALSE);
INSERT INTO service_shortlists (homeowner_account_id, service_id, shortlisted_at, is_confirmed, is_deleted) VALUES (13, 10, '2025-05-07 09:02:58', FALSE, FALSE);
INSERT INTO service_shortlists (homeowner_account_id, service_id, shortlisted_at, is_confirmed, is_deleted) VALUES (36, 57, '2025-05-13 21:47:48', FALSE, FALSE);
INSERT INTO service_shortlists (homeowner_account_id, service_id, shortlisted_at, is_confirmed, is_deleted) VALUES (48, 3, '2025-04-18 11:33:10', FALSE, FALSE);
INSERT INTO service_shortlists (homeowner_account_id, service_id, shortlisted_at, is_confirmed, is_deleted) VALUES (20, 39, '2025-04-18 07:46:12', FALSE, FALSE);
INSERT INTO service_shortlists (homeowner_account_id, service_id, shortlisted_at, is_confirmed, is_deleted) VALUES (22, 32, '2025-04-20 21:49:57', FALSE, FALSE);
INSERT INTO service_shortlists (homeowner_account_id, service_id, shortlisted_at, is_confirmed, is_deleted) VALUES (13, 28, '2025-05-13 20:20:37', FALSE, FALSE);
INSERT INTO service_shortlists (homeowner_account_id, service_id, shortlisted_at, is_confirmed, is_deleted) VALUES (27, 57, '2025-05-13 15:44:40', FALSE, FALSE);
INSERT INTO service_shortlists (homeowner_account_id, service_id, shortlisted_at, is_confirmed, is_deleted) VALUES (16, 70, '2025-04-16 05:12:35', FALSE, FALSE);
INSERT INTO service_shortlists (homeowner_account_id, service_id, shortlisted_at, is_confirmed, is_deleted) VALUES (2, 63, '2025-05-15 00:33:05', FALSE, FALSE);
INSERT INTO service_shortlists (homeowner_account_id, service_id, shortlisted_at, is_confirmed, is_deleted) VALUES (42, 93, '2025-04-29 08:07:09', FALSE, FALSE);
INSERT INTO service_shortlists (homeowner_account_id, service_id, shortlisted_at, is_confirmed, is_deleted) VALUES (18, 64, '2025-04-22 09:38:53', TRUE, FALSE);
INSERT INTO service_shortlists (homeowner_account_id, service_id, shortlisted_at, is_confirmed, is_deleted) VALUES (97, 72, '2025-05-03 17:44:11', FALSE, FALSE);
INSERT INTO service_shortlists (homeowner_account_id, service_id, shortlisted_at, is_confirmed, is_deleted) VALUES (63, 39, '2025-04-23 15:52:36', FALSE, FALSE);
INSERT INTO service_shortlists (homeowner_account_id, service_id, shortlisted_at, is_confirmed, is_deleted) VALUES (63, 27, '2025-04-16 06:20:57', FALSE, FALSE);
INSERT INTO service_shortlists (homeowner_account_id, service_id, shortlisted_at, is_confirmed, is_deleted) VALUES (31, 11, '2025-04-26 12:02:04', FALSE, FALSE);
INSERT INTO service_shortlists (homeowner_account_id, service_id, shortlisted_at, is_confirmed, is_deleted) VALUES (20, 94, '2025-04-26 10:43:27', TRUE, TRUE);
INSERT INTO service_shortlists (homeowner_account_id, service_id, shortlisted_at, is_confirmed, is_deleted) VALUES (13, 20, '2025-05-04 07:45:34', TRUE, FALSE);
INSERT INTO service_shortlists (homeowner_account_id, service_id, shortlisted_at, is_confirmed, is_deleted) VALUES (42, 39, '2025-04-24 18:34:31', TRUE, FALSE);
INSERT INTO service_shortlists (homeowner_account_id, service_id, shortlisted_at, is_confirmed, is_deleted) VALUES (87, 93, '2025-05-08 22:07:54', TRUE, FALSE);
INSERT INTO service_shortlists (homeowner_account_id, service_id, shortlisted_at, is_confirmed, is_deleted) VALUES (22, 91, '2025-04-28 16:23:58', TRUE, FALSE);
INSERT INTO service_shortlists (homeowner_account_id, service_id, shortlisted_at, is_confirmed, is_deleted) VALUES (31, 69, '2025-04-20 15:22:25', FALSE, FALSE);
INSERT INTO service_shortlists (homeowner_account_id, service_id, shortlisted_at, is_confirmed, is_deleted) VALUES (100, 11, '2025-04-28 02:25:51', FALSE, FALSE);
INSERT INTO service_shortlists (homeowner_account_id, service_id, shortlisted_at, is_confirmed, is_deleted) VALUES (92, 73, '2025-05-11 13:12:42', FALSE, FALSE);
INSERT INTO service_shortlists (homeowner_account_id, service_id, shortlisted_at, is_confirmed, is_deleted) VALUES (36, 1, '2025-05-03 23:43:29', FALSE, FALSE);
INSERT INTO service_shortlists (homeowner_account_id, service_id, shortlisted_at, is_confirmed, is_deleted) VALUES (91, 86, '2025-05-05 01:23:32', TRUE, FALSE);
INSERT INTO service_shortlists (homeowner_account_id, service_id, shortlisted_at, is_confirmed, is_deleted) VALUES (49, 68, '2025-05-15 19:20:24', TRUE, FALSE);
INSERT INTO service_shortlists (homeowner_account_id, service_id, shortlisted_at, is_confirmed, is_deleted) VALUES (37, 98, '2025-05-04 06:16:09', TRUE, FALSE);
INSERT INTO service_shortlists (homeowner_account_id, service_id, shortlisted_at, is_confirmed, is_deleted) VALUES (20, 86, '2025-04-19 02:39:28', FALSE, TRUE);
INSERT INTO service_shortlists (homeowner_account_id, service_id, shortlisted_at, is_confirmed, is_deleted) VALUES (20, 29, '2025-05-01 23:02:27', FALSE, FALSE);
INSERT INTO service_shortlists (homeowner_account_id, service_id, shortlisted_at, is_confirmed, is_deleted) VALUES (29, 55, '2025-04-23 23:16:08', FALSE, TRUE);
INSERT INTO service_shortlists (homeowner_account_id, service_id, shortlisted_at, is_confirmed, is_deleted) VALUES (2, 37, '2025-04-22 17:16:00', TRUE, FALSE);
INSERT INTO service_shortlists (homeowner_account_id, service_id, shortlisted_at, is_confirmed, is_deleted) VALUES (100, 87, '2025-04-18 23:51:55', FALSE, FALSE);
INSERT INTO service_shortlists (homeowner_account_id, service_id, shortlisted_at, is_confirmed, is_deleted) VALUES (97, 46, '2025-04-26 03:19:01', FALSE, TRUE);
INSERT INTO service_shortlists (homeowner_account_id, service_id, shortlisted_at, is_confirmed, is_deleted) VALUES (42, 67, '2025-04-21 18:46:20', FALSE, TRUE);
INSERT INTO service_shortlists (homeowner_account_id, service_id, shortlisted_at, is_confirmed, is_deleted) VALUES (49, 91, '2025-04-23 22:07:25', FALSE, FALSE);
INSERT INTO service_shortlists (homeowner_account_id, service_id, shortlisted_at, is_confirmed, is_deleted) VALUES (88, 89, '2025-05-14 12:34:04', FALSE, TRUE);
INSERT INTO service_shortlists (homeowner_account_id, service_id, shortlisted_at, is_confirmed, is_deleted) VALUES (59, 49, '2025-04-28 00:55:27', FALSE, FALSE);
INSERT INTO service_shortlists (homeowner_account_id, service_id, shortlisted_at, is_confirmed, is_deleted) VALUES (20, 42, '2025-04-22 08:39:42', TRUE, FALSE);
INSERT INTO service_shortlists (homeowner_account_id, service_id, shortlisted_at, is_confirmed, is_deleted) VALUES (37, 50, '2025-04-26 18:20:32', TRUE, FALSE);
INSERT INTO service_shortlists (homeowner_account_id, service_id, shortlisted_at, is_confirmed, is_deleted) VALUES (88, 7, '2025-05-10 23:15:35', FALSE, TRUE);
INSERT INTO matching_bookings (homeowner_account_id, cleaner_account_id, service_id, category_id, booking_date, status, is_deleted) VALUES (22, 93, 21, 1, '2025-05-09', 'cancelled', FALSE);
INSERT INTO matching_bookings (homeowner_account_id, cleaner_account_id, service_id, category_id, booking_date, status, is_deleted) VALUES (60, 25, 73, 4, '2025-04-19', 'cancelled', FALSE);
INSERT INTO matching_bookings (homeowner_account_id, cleaner_account_id, service_id, category_id, booking_date, status, is_deleted) VALUES (37, 41, 92, 6, '2025-05-02', 'cancelled', FALSE);
INSERT INTO matching_bookings (homeowner_account_id, cleaner_account_id, service_id, category_id, booking_date, status, is_deleted) VALUES (37, 34, 25, 2, '2025-04-26', 'confirmed', FALSE);
INSERT INTO matching_bookings (homeowner_account_id, cleaner_account_id, service_id, category_id, booking_date, status, is_deleted) VALUES (37, 53, 7, 9, '2025-05-03', 'cancelled', FALSE);
INSERT INTO matching_bookings (homeowner_account_id, cleaner_account_id, service_id, category_id, booking_date, status, is_deleted) VALUES (48, 57, 72, 2, '2025-04-20', 'cancelled', FALSE);
INSERT INTO matching_bookings (homeowner_account_id, cleaner_account_id, service_id, category_id, booking_date, status, is_deleted) VALUES (29, 43, 34, 8, '2025-04-15', 'cancelled', FALSE);
INSERT INTO matching_bookings (homeowner_account_id, cleaner_account_id, service_id, category_id, booking_date, status, is_deleted) VALUES (37, 57, 75, 7, '2025-05-14', 'cancelled', FALSE);
INSERT INTO matching_bookings (homeowner_account_id, cleaner_account_id, service_id, category_id, booking_date, status, is_deleted) VALUES (103, 89, 99, 4, '2025-05-09', 'completed', FALSE);
INSERT INTO matching_bookings (homeowner_account_id, cleaner_account_id, service_id, category_id, booking_date, status, is_deleted) VALUES (2, 96, 90, 9, '2025-04-26', 'confirmed', FALSE);
INSERT INTO matching_bookings (homeowner_account_id, cleaner_account_id, service_id, category_id, booking_date, status, is_deleted) VALUES (31, 52, 49, 6, '2025-05-01', 'cancelled', FALSE);
INSERT INTO matching_bookings (homeowner_account_id, cleaner_account_id, service_id, category_id, booking_date, status, is_deleted) VALUES (31, 53, 7, 9, '2025-05-13', 'completed', FALSE);
INSERT INTO matching_bookings (homeowner_account_id, cleaner_account_id, service_id, category_id, booking_date, status, is_deleted) VALUES (13, 93, 21, 1, '2025-04-21', 'cancelled', FALSE);
INSERT INTO matching_bookings (homeowner_account_id, cleaner_account_id, service_id, category_id, booking_date, status, is_deleted) VALUES (36, 57, 72, 2, '2025-04-28', 'confirmed', FALSE);
INSERT INTO matching_bookings (homeowner_account_id, cleaner_account_id, service_id, category_id, booking_date, status, is_deleted) VALUES (86, 41, 11, 4, '2025-04-20', 'completed', FALSE);
INSERT INTO matching_bookings (homeowner_account_id, cleaner_account_id, service_id, category_id, booking_date, status, is_deleted) VALUES (60, 25, 73, 4, '2025-04-18', 'confirmed', FALSE);
INSERT INTO matching_bookings (homeowner_account_id, cleaner_account_id, service_id, category_id, booking_date, status, is_deleted) VALUES (20, 8, 13, 6, '2025-04-19', 'confirmed', FALSE);
INSERT INTO matching_bookings (homeowner_account_id, cleaner_account_id, service_id, category_id, booking_date, status, is_deleted) VALUES (88, 52, 87, 3, '2025-04-28', 'cancelled', FALSE);
INSERT INTO matching_bookings (homeowner_account_id, cleaner_account_id, service_id, category_id, booking_date, status, is_deleted) VALUES (92, 51, 76, 4, '2025-05-01', 'completed', FALSE);
INSERT INTO matching_bookings (homeowner_account_id, cleaner_account_id, service_id, category_id, booking_date, status, is_deleted) VALUES (97, 66, 57, 6, '2025-04-18', 'cancelled', FALSE);
INSERT INTO matching_bookings (homeowner_account_id, cleaner_account_id, service_id, category_id, booking_date, status, is_deleted) VALUES (2, 51, 41, 5, '2025-04-22', 'confirmed', FALSE);
INSERT INTO matching_bookings (homeowner_account_id, cleaner_account_id, service_id, category_id, booking_date, status, is_deleted) VALUES (59, 61, 39, 5, '2025-05-05', 'cancelled', FALSE);
INSERT INTO matching_bookings (homeowner_account_id, cleaner_account_id, service_id, category_id, booking_date, status, is_deleted) VALUES (63, 34, 25, 2, '2025-05-07', 'completed', FALSE);
INSERT INTO matching_bookings (homeowner_account_id, cleaner_account_id, service_id, category_id, booking_date, status, is_deleted) VALUES (22, 80, 30, 9, '2025-04-19', 'confirmed', FALSE);
INSERT INTO matching_bookings (homeowner_account_id, cleaner_account_id, service_id, category_id, booking_date, status, is_deleted) VALUES (92, 38, 100, 4, '2025-05-04', 'confirmed', FALSE);
INSERT INTO matching_bookings (homeowner_account_id, cleaner_account_id, service_id, category_id, booking_date, status, is_deleted) VALUES (29, 51, 4, 3, '2025-04-21', 'cancelled', FALSE);
INSERT INTO matching_bookings (homeowner_account_id, cleaner_account_id, service_id, category_id, booking_date, status, is_deleted) VALUES (16, 41, 36, 8, '2025-05-13', 'completed', FALSE);
INSERT INTO matching_bookings (homeowner_account_id, cleaner_account_id, service_id, category_id, booking_date, status, is_deleted) VALUES (88, 90, 54, 5, '2025-04-24', 'confirmed', FALSE);
INSERT INTO matching_bookings (homeowner_account_id, cleaner_account_id, service_id, category_id, booking_date, status, is_deleted) VALUES (87, 53, 7, 9, '2025-05-14', 'confirmed', FALSE);
INSERT INTO matching_bookings (homeowner_account_id, cleaner_account_id, service_id, category_id, booking_date, status, is_deleted) VALUES (13, 68, 58, 9, '2025-04-21', 'confirmed', FALSE);
INSERT INTO matching_bookings (homeowner_account_id, cleaner_account_id, service_id, category_id, booking_date, status, is_deleted) VALUES (37, 8, 13, 6, '2025-04-23', 'completed', FALSE);
INSERT INTO matching_bookings (homeowner_account_id, cleaner_account_id, service_id, category_id, booking_date, status, is_deleted) VALUES (27, 34, 20, 6, '2025-04-22', 'confirmed', FALSE);
INSERT INTO matching_bookings (homeowner_account_id, cleaner_account_id, service_id, category_id, booking_date, status, is_deleted) VALUES (86, 76, 62, 6, '2025-05-06', 'completed', FALSE);
INSERT INTO matching_bookings (homeowner_account_id, cleaner_account_id, service_id, category_id, booking_date, status, is_deleted) VALUES (88, 90, 54, 5, '2025-05-13', 'completed', FALSE);
INSERT INTO matching_bookings (homeowner_account_id, cleaner_account_id, service_id, category_id, booking_date, status, is_deleted) VALUES (59, 43, 34, 8, '2025-04-18', 'cancelled', FALSE);
INSERT INTO matching_bookings (homeowner_account_id, cleaner_account_id, service_id, category_id, booking_date, status, is_deleted) VALUES (49, 68, 38, 8, '2025-05-07', 'completed', FALSE);
INSERT INTO matching_bookings (homeowner_account_id, cleaner_account_id, service_id, category_id, booking_date, status, is_deleted) VALUES (42, 30, 82, 1, '2025-04-25', 'completed', FALSE);
INSERT INTO matching_bookings (homeowner_account_id, cleaner_account_id, service_id, category_id, booking_date, status, is_deleted) VALUES (22, 53, 7, 9, '2025-05-01', 'confirmed', FALSE);
INSERT INTO matching_bookings (homeowner_account_id, cleaner_account_id, service_id, category_id, booking_date, status, is_deleted) VALUES (63, 80, 30, 9, '2025-04-17', 'cancelled', FALSE);
INSERT INTO matching_bookings (homeowner_account_id, cleaner_account_id, service_id, category_id, booking_date, status, is_deleted) VALUES (87, 3, 40, 4, '2025-05-05', 'completed', FALSE);
INSERT INTO matching_bookings (homeowner_account_id, cleaner_account_id, service_id, category_id, booking_date, status, is_deleted) VALUES (29, 52, 23, 7, '2025-04-17', 'confirmed', FALSE);
INSERT INTO matching_bookings (homeowner_account_id, cleaner_account_id, service_id, category_id, booking_date, status, is_deleted) VALUES (103, 43, 80, 8, '2025-04-24', 'confirmed', FALSE);
INSERT INTO matching_bookings (homeowner_account_id, cleaner_account_id, service_id, category_id, booking_date, status, is_deleted) VALUES (87, 41, 97, 5, '2025-05-10', 'confirmed', FALSE);
INSERT INTO matching_bookings (homeowner_account_id, cleaner_account_id, service_id, category_id, booking_date, status, is_deleted) VALUES (49, 53, 47, 2, '2025-04-26', 'completed', FALSE);
INSERT INTO matching_bookings (homeowner_account_id, cleaner_account_id, service_id, category_id, booking_date, status, is_deleted) VALUES (88, 53, 51, 7, '2025-05-07', 'completed', FALSE);
INSERT INTO matching_bookings (homeowner_account_id, cleaner_account_id, service_id, category_id, booking_date, status, is_deleted) VALUES (49, 51, 76, 4, '2025-04-24', 'cancelled', FALSE);
INSERT INTO matching_bookings (homeowner_account_id, cleaner_account_id, service_id, category_id, booking_date, status, is_deleted) VALUES (91, 32, 59, 1, '2025-05-13', 'completed', FALSE);
INSERT INTO matching_bookings (homeowner_account_id, cleaner_account_id, service_id, category_id, booking_date, status, is_deleted) VALUES (48, 43, 34, 8, '2025-04-24', 'confirmed', FALSE);
INSERT INTO matching_bookings (homeowner_account_id, cleaner_account_id, service_id, category_id, booking_date, status, is_deleted) VALUES (92, 30, 70, 5, '2025-04-23', 'confirmed', FALSE);
INSERT INTO matching_bookings (homeowner_account_id, cleaner_account_id, service_id, category_id, booking_date, status, is_deleted) VALUES (60, 25, 10, 3, '2025-05-09', 'confirmed', FALSE);
INSERT INTO matching_bookings (homeowner_account_id, cleaner_account_id, service_id, category_id, booking_date, status, is_deleted) VALUES (91, 78, 19, 8, '2025-05-13', 'cancelled', FALSE);
INSERT INTO matching_bookings (homeowner_account_id, cleaner_account_id, service_id, category_id, booking_date, status, is_deleted) VALUES (97, 55, 37, 8, '2025-05-09', 'confirmed', FALSE);
INSERT INTO matching_bookings (homeowner_account_id, cleaner_account_id, service_id, category_id, booking_date, status, is_deleted) VALUES (31, 89, 99, 4, '2025-05-10', 'completed', FALSE);
INSERT INTO matching_bookings (homeowner_account_id, cleaner_account_id, service_id, category_id, booking_date, status, is_deleted) VALUES (31, 90, 54, 5, '2025-04-26', 'completed', FALSE);
INSERT INTO matching_bookings (homeowner_account_id, cleaner_account_id, service_id, category_id, booking_date, status, is_deleted) VALUES (87, 83, 77, 3, '2025-05-12', 'confirmed', FALSE);
INSERT INTO matching_bookings (homeowner_account_id, cleaner_account_id, service_id, category_id, booking_date, status, is_deleted) VALUES (59, 52, 87, 3, '2025-05-01', 'cancelled', FALSE);
INSERT INTO matching_bookings (homeowner_account_id, cleaner_account_id, service_id, category_id, booking_date, status, is_deleted) VALUES (37, 51, 17, 6, '2025-05-02', 'cancelled', FALSE);
INSERT INTO matching_bookings (homeowner_account_id, cleaner_account_id, service_id, category_id, booking_date, status, is_deleted) VALUES (37, 61, 39, 5, '2025-05-08', 'cancelled', FALSE);
INSERT INTO matching_bookings (homeowner_account_id, cleaner_account_id, service_id, category_id, booking_date, status, is_deleted) VALUES (42, 38, 86, 2, '2025-05-12', 'cancelled', FALSE);
INSERT INTO matching_bookings (homeowner_account_id, cleaner_account_id, service_id, category_id, booking_date, status, is_deleted) VALUES (13, 30, 82, 1, '2025-04-23', 'confirmed', FALSE);
INSERT INTO matching_bookings (homeowner_account_id, cleaner_account_id, service_id, category_id, booking_date, status, is_deleted) VALUES (97, 43, 80, 8, '2025-05-03', 'completed', FALSE);
INSERT INTO matching_bookings (homeowner_account_id, cleaner_account_id, service_id, category_id, booking_date, status, is_deleted) VALUES (87, 43, 80, 8, '2025-05-02', 'completed', FALSE);
INSERT INTO matching_bookings (homeowner_account_id, cleaner_account_id, service_id, category_id, booking_date, status, is_deleted) VALUES (92, 68, 58, 9, '2025-05-12', 'completed', FALSE);
INSERT INTO matching_bookings (homeowner_account_id, cleaner_account_id, service_id, category_id, booking_date, status, is_deleted) VALUES (91, 66, 57, 6, '2025-04-30', 'completed', FALSE);
INSERT INTO matching_bookings (homeowner_account_id, cleaner_account_id, service_id, category_id, booking_date, status, is_deleted) VALUES (13, 52, 87, 3, '2025-05-08', 'cancelled', FALSE);
INSERT INTO matching_bookings (homeowner_account_id, cleaner_account_id, service_id, category_id, booking_date, status, is_deleted) VALUES (91, 17, 78, 6, '2025-04-15', 'cancelled', FALSE);
INSERT INTO matching_bookings (homeowner_account_id, cleaner_account_id, service_id, category_id, booking_date, status, is_deleted) VALUES (103, 66, 57, 6, '2025-04-18', 'completed', FALSE);
INSERT INTO matching_bookings (homeowner_account_id, cleaner_account_id, service_id, category_id, booking_date, status, is_deleted) VALUES (13, 68, 95, 6, '2025-04-23', 'confirmed', FALSE);
INSERT INTO matching_bookings (homeowner_account_id, cleaner_account_id, service_id, category_id, booking_date, status, is_deleted) VALUES (2, 34, 20, 6, '2025-04-18', 'completed', FALSE);
INSERT INTO matching_bookings (homeowner_account_id, cleaner_account_id, service_id, category_id, booking_date, status, is_deleted) VALUES (22, 70, 67, 5, '2025-04-16', 'confirmed', FALSE);
INSERT INTO matching_bookings (homeowner_account_id, cleaner_account_id, service_id, category_id, booking_date, status, is_deleted) VALUES (16, 38, 86, 2, '2025-04-18', 'cancelled', FALSE);
INSERT INTO matching_bookings (homeowner_account_id, cleaner_account_id, service_id, category_id, booking_date, status, is_deleted) VALUES (37, 15, 14, 3, '2025-04-28', 'cancelled', FALSE);
INSERT INTO matching_bookings (homeowner_account_id, cleaner_account_id, service_id, category_id, booking_date, status, is_deleted) VALUES (42, 43, 8, 6, '2025-05-04', 'confirmed', FALSE);
INSERT INTO matching_bookings (homeowner_account_id, cleaner_account_id, service_id, category_id, booking_date, status, is_deleted) VALUES (42, 32, 71, 7, '2025-05-03', 'confirmed', FALSE);
INSERT INTO matching_bookings (homeowner_account_id, cleaner_account_id, service_id, category_id, booking_date, status, is_deleted) VALUES (29, 70, 42, 4, '2025-04-26', 'cancelled', FALSE);
INSERT INTO matching_bookings (homeowner_account_id, cleaner_account_id, service_id, category_id, booking_date, status, is_deleted) VALUES (42, 52, 85, 9, '2025-04-30', 'confirmed', FALSE);
INSERT INTO matching_bookings (homeowner_account_id, cleaner_account_id, service_id, category_id, booking_date, status, is_deleted) VALUES (18, 25, 10, 3, '2025-04-22', 'cancelled', FALSE);
INSERT INTO matching_bookings (homeowner_account_id, cleaner_account_id, service_id, category_id, booking_date, status, is_deleted) VALUES (100, 76, 62, 6, '2025-05-10', 'completed', FALSE);
INSERT INTO matching_bookings (homeowner_account_id, cleaner_account_id, service_id, category_id, booking_date, status, is_deleted) VALUES (63, 94, 6, 4, '2025-04-16', 'confirmed', FALSE);
INSERT INTO matching_bookings (homeowner_account_id, cleaner_account_id, service_id, category_id, booking_date, status, is_deleted) VALUES (16, 61, 27, 7, '2025-04-22', 'cancelled', FALSE);
INSERT INTO matching_bookings (homeowner_account_id, cleaner_account_id, service_id, category_id, booking_date, status, is_deleted) VALUES (2, 68, 58, 9, '2025-04-18', 'completed', FALSE);
INSERT INTO matching_bookings (homeowner_account_id, cleaner_account_id, service_id, category_id, booking_date, status, is_deleted) VALUES (31, 38, 3, 7, '2025-04-25', 'cancelled', FALSE);
INSERT INTO matching_bookings (homeowner_account_id, cleaner_account_id, service_id, category_id, booking_date, status, is_deleted) VALUES (16, 52, 87, 3, '2025-04-26', 'confirmed', FALSE);
INSERT INTO matching_bookings (homeowner_account_id, cleaner_account_id, service_id, category_id, booking_date, status, is_deleted) VALUES (20, 89, 64, 1, '2025-05-10', 'confirmed', FALSE);
INSERT INTO matching_bookings (homeowner_account_id, cleaner_account_id, service_id, category_id, booking_date, status, is_deleted) VALUES (97, 25, 10, 3, '2025-05-04', 'confirmed', FALSE);
INSERT INTO matching_bookings (homeowner_account_id, cleaner_account_id, service_id, category_id, booking_date, status, is_deleted) VALUES (100, 25, 73, 4, '2025-05-02', 'confirmed', FALSE);
INSERT INTO matching_bookings (homeowner_account_id, cleaner_account_id, service_id, category_id, booking_date, status, is_deleted) VALUES (97, 61, 94, 6, '2025-05-04', 'completed', FALSE);
INSERT INTO matching_bookings (homeowner_account_id, cleaner_account_id, service_id, category_id, booking_date, status, is_deleted) VALUES (60, 70, 43, 9, '2025-04-28', 'cancelled', FALSE);
INSERT INTO matching_bookings (homeowner_account_id, cleaner_account_id, service_id, category_id, booking_date, status, is_deleted) VALUES (87, 15, 74, 1, '2025-05-13', 'completed', FALSE);
INSERT INTO matching_bookings (homeowner_account_id, cleaner_account_id, service_id, category_id, booking_date, status, is_deleted) VALUES (36, 78, 19, 8, '2025-04-20', 'completed', FALSE);
INSERT INTO matching_bookings (homeowner_account_id, cleaner_account_id, service_id, category_id, booking_date, status, is_deleted) VALUES (22, 52, 85, 9, '2025-04-30', 'confirmed', FALSE);
INSERT INTO matching_bookings (homeowner_account_id, cleaner_account_id, service_id, category_id, booking_date, status, is_deleted) VALUES (42, 96, 90, 9, '2025-04-30', 'confirmed', FALSE);
INSERT INTO matching_bookings (homeowner_account_id, cleaner_account_id, service_id, category_id, booking_date, status, is_deleted) VALUES (100, 80, 30, 9, '2025-04-17', 'cancelled', FALSE);
INSERT INTO matching_bookings (homeowner_account_id, cleaner_account_id, service_id, category_id, booking_date, status, is_deleted) VALUES (88, 54, 79, 5, '2025-05-06', 'confirmed', FALSE);
INSERT INTO matching_bookings (homeowner_account_id, cleaner_account_id, service_id, category_id, booking_date, status, is_deleted) VALUES (63, 68, 2, 7, '2025-04-24', 'cancelled', FALSE);
INSERT INTO matching_bookings (homeowner_account_id, cleaner_account_id, service_id, category_id, booking_date, status, is_deleted) VALUES (22, 68, 81, 6, '2025-05-01', 'cancelled', FALSE);
INSERT INTO matching_bookings (homeowner_account_id, cleaner_account_id, service_id, category_id, booking_date, status, is_deleted) VALUES (88, 68, 95, 6, '2025-04-30', 'completed', FALSE);
INSERT INTO matching_bookings (homeowner_account_id, cleaner_account_id, service_id, category_id, booking_date, status, is_deleted) VALUES (31, 53, 7, 9, '2025-05-05', 'completed', FALSE);
INSERT INTO matching_bookings (homeowner_account_id, cleaner_account_id, service_id, category_id, booking_date, status, is_deleted) VALUES (20, 3, 12, 6, '2025-04-22', 'completed', FALSE);
INSERT INTO matching_bookings (homeowner_account_id, cleaner_account_id, service_id, category_id, booking_date, status, is_deleted) VALUES (2, 83, 60, 1, '2025-05-06', 'cancelled', FALSE);
